landcover_class,landcover_name,lighting_radiance,lst_celsius,uhi_intensity,no2,geometry
1,Trees,5.320516993635792,27.42304042766459,,0.000106557961001,"{'type': 'MultiPolygon', 'coordinates': [(((77.235, 28.43125), (77.235, 28.4375), (77.24249999999999, 28.4375), (77.24249999999999, 28.43125), (77.235, 28.43125)),)]}"
1,Trees,3.42299836954555,27.194227642276463,,0.000108293764999,"{'type': 'MultiPolygon', 'coordinates': [(((77.2425, 28.43125), (77.2425, 28.4375), (77.25, 28.4375), (77.25, 28.43125), (77.2425, 28.43125)),)]}"
1,Trees,4.507314315921551,27.46198332503737,,9.8128911743e-05,"{'type': 'MultiPolygon', 'coordinates': [(((77.22, 28.41875), (77.22, 28.425), (77.22749999999999, 28.425), (77.22749999999999, 28.41875), (77.22, 28.41875)),)]}"
1,Trees,4.307069149774475,27.48360858670236,,0.000100791488272,"{'type': 'MultiPolygon', 'coordinates': [(((77.2275, 28.41875), (77.2275, 28.425), (77.235, 28.425), (77.235, 28.41875), (77.2275, 28.41875)),)]}"
1,Trees,8.460422341888014,27.66046802900464,,0.000103717824957,"{'type': 'MultiPolygon', 'coordinates': [(((77.2275, 28.424999999999997), (77.2275, 28.43125), (77.235, 28.43125), (77.235, 28.424999999999997), (77.2275, 28.424999999999997)),)]}"
1,Trees,4.760363696593722,27.507290705339525,,0.000104172973767,"{'type': 'MultiPolygon', 'coordinates': [(((77.235, 28.424999999999997), (77.235, 28.43125), (77.24249999999999, 28.43125), (77.24249999999999, 28.424999999999997), (77.235, 28.424999999999997)),)]}"
1,Trees,3.610236140970033,27.562327857972488,,0.000106089731948,"{'type': 'MultiPolygon', 'coordinates': [(((77.2425, 28.424999999999997), (77.2425, 28.43125), (77.25, 28.43125), (77.25, 28.424999999999997), (77.2425, 28.424999999999997)),)]}"
1,Trees,3.604839517860799,27.565506014032767,,0.000102535855108,"{'type': 'MultiPolygon', 'coordinates': [(((77.235, 28.41875), (77.235, 28.425), (77.24249999999999, 28.425), (77.24249999999999, 28.41875), (77.235, 28.41875)),)]}"
1,Trees,3.624763917762152,27.825671561307487,,0.000104739806683,"{'type': 'MultiPolygon', 'coordinates': [(((77.2425, 28.41875), (77.2425, 28.425), (77.25, 28.425), (77.25, 28.41875), (77.2425, 28.41875)),)]}"
1,Trees,3.256005138964266,27.29454761904765,,9.6378136637e-05,"{'type': 'MultiPolygon', 'coordinates': [(((77.22, 28.412499999999998), (77.22, 28.41875), (77.22749999999999, 28.41875), (77.22749999999999, 28.412499999999998), (77.22, 28.412499999999998)),)]}"
1,Trees,3.591150709820278,27.352319727891203,,9.9062438542e-05,"{'type': 'MultiPolygon', 'coordinates': [(((77.2275, 28.412499999999998), (77.2275, 28.41875), (77.235, 28.41875), (77.235, 28.412499999999998), (77.2275, 28.412499999999998)),)]}"
1,Trees,3.909264005380233,27.581690476190506,,0.000101537615007,"{'type': 'MultiPolygon', 'coordinates': [(((77.235, 28.412499999999998), (77.235, 28.41875), (77.24249999999999, 28.41875), (77.24249999999999, 28.412499999999998), (77.235, 28.412499999999998)),)]}"
1,Trees,3.565761454012592,27.94617156698968,,0.000103945985107,"{'type': 'MultiPolygon', 'coordinates': [(((77.2425, 28.412499999999998), (77.2425, 28.41875), (77.25, 28.41875), (77.25, 28.412499999999998), (77.2425, 28.412499999999998)),)]}"
1,Trees,4.238023639530748,27.812462585034055,,0.000103956062997,"{'type': 'MultiPolygon', 'coordinates': [(((77.2425, 28.40625), (77.2425, 28.4125), (77.25, 28.4125), (77.25, 28.40625), (77.2425, 28.40625)),)]}"
1,Trees,5.005245356390318,27.50674324324327,,0.00010142984002,"{'type': 'MultiPolygon', 'coordinates': [(((77.235, 28.40625), (77.235, 28.4125), (77.24249999999999, 28.4125), (77.24249999999999, 28.40625), (77.235, 28.40625)),)]}"
1,Trees,4.422778890745059,27.219800675675668,,9.881457162e-05,"{'type': 'MultiPolygon', 'coordinates': [(((77.2275, 28.40625), (77.2275, 28.4125), (77.235, 28.4125), (77.235, 28.40625), (77.2275, 28.40625)),)]}"
1,Trees,3.779131555637662,27.1035,,9.53291382e-05,"{'type': 'MultiPolygon', 'coordinates': [(((77.22, 28.40625), (77.22, 28.4125), (77.22749999999999, 28.4125), (77.22749999999999, 28.40625), (77.22, 28.40625)),)]}"
1,Trees,3.666596181489326,27.352783783783817,,9.3816717211e-05,"{'type': 'MultiPolygon', 'coordinates': [(((77.2125, 28.40625), (77.2125, 28.4125), (77.22, 28.4125), (77.22, 28.40625), (77.2125, 28.40625)),)]}"
1,Trees,3.625397595859017,27.745689683586047,,9.2497461019e-05,"{'type': 'MultiPolygon', 'coordinates': [(((77.205, 28.40625), (77.205, 28.4125), (77.21249999999999, 28.4125), (77.21249999999999, 28.40625), (77.205, 28.40625)),)]}"
1,Trees,3.901989813799802,27.904146341463445,,9.161736787e-05,"{'type': 'MultiPolygon', 'coordinates': [(((77.1975, 28.40625), (77.1975, 28.4125), (77.205, 28.4125), (77.205, 28.40625), (77.1975, 28.40625)),)]}"
1,Trees,4.664375004736152,28.00087673038896,,9.0776606221e-05,"{'type': 'MultiPolygon', 'coordinates': [(((77.19, 28.40625), (77.19, 28.4125), (77.19749999999999, 28.4125), (77.19749999999999, 28.40625), (77.19, 28.40625)),)]}"
1,Trees,4.864593948002798,28.079330097892846,,9.3119706721e-05,"{'type': 'MultiPolygon', 'coordinates': [(((77.19, 28.412499999999998), (77.19, 28.41875), (77.19749999999999, 28.41875), (77.19749999999999, 28.412499999999998), (77.19, 28.412499999999998)),)]}"
1,Trees,3.744417218743143,27.896708146673333,,9.354008398e-05,"{'type': 'MultiPolygon', 'coordinates': [(((77.1975, 28.412499999999998), (77.1975, 28.41875), (77.205, 28.41875), (77.205, 28.412499999999998), (77.1975, 28.412499999999998)),)]}"
1,Trees,3.385525411266392,27.62473479786171,,9.4119279941e-05,"{'type': 'MultiPolygon', 'coordinates': [(((77.205, 28.412499999999998), (77.205, 28.41875), (77.21249999999999, 28.41875), (77.21249999999999, 28.412499999999998), (77.205, 28.412499999999998)),)]}"
1,Trees,3.267076269650864,27.38246258503404,,9.4797889435e-05,"{'type': 'MultiPolygon', 'coordinates': [(((77.2125, 28.412499999999998), (77.2125, 28.41875), (77.22, 28.41875), (77.22, 28.412499999999998), (77.2125, 28.412499999999998)),)]}"
4,Crops,4.113094643838893,28.221753774680625,,8.978402176e-05,"{'type': 'MultiPolygon', 'coordinates': [(((77.1825, 28.40625), (77.1825, 28.4125), (77.19, 28.4125), (77.19, 28.40625), (77.1825, 28.40625)),)]}"
1,Trees,4.519671118882616,28.14804878048784,,9.037894788e-05,"{'type': 'MultiPolygon', 'coordinates': [(((77.175, 28.40625), (77.175, 28.4125), (77.18249999999999, 28.4125), (77.18249999999999, 28.40625), (77.175, 28.40625)),)]}"
1,Trees,6.807191089526852,28.06324983520112,,9.024145553e-05,"{'type': 'MultiPolygon', 'coordinates': [(((77.1675, 28.40625), (77.1675, 28.4125), (77.175, 28.4125), (77.175, 28.40625), (77.1675, 28.40625)),)]}"
1,Trees,6.7995855053871,28.187828438692573,,9.0227090658e-05,"{'type': 'MultiPolygon', 'coordinates': [(((77.16, 28.40625), (77.16, 28.4125), (77.16749999999999, 28.4125), (77.16749999999999, 28.40625), (77.16, 28.40625)),)]}"
1,Trees,6.536925735505853,28.742071428571453,,9.0443803019e-05,"{'type': 'MultiPolygon', 'coordinates': [(((77.1525, 28.4), (77.1525, 28.40625), (77.16, 28.40625), (77.16, 28.4), (77.1525, 28.4)),)]}"
1,Trees,5.033872990689035,28.420608179857343,,9.0227090658e-05,"{'type': 'MultiPolygon', 'coordinates': [(((77.16, 28.4), (77.16, 28.40625), (77.16749999999999, 28.40625), (77.16749999999999, 28.4), (77.16, 28.4)),)]}"
1,Trees,5.898098502782487,28.27354703832756,,9.0241553251e-05,"{'type': 'MultiPolygon', 'coordinates': [(((77.1675, 28.4), (77.1675, 28.40625), (77.175, 28.40625), (77.175, 28.4), (77.1675, 28.4)),)]}"
1,Trees,5.516290071239761,28.23406064601191,,9.037894788e-05,"{'type': 'MultiPolygon', 'coordinates': [(((77.175, 28.4), (77.175, 28.40625), (77.18249999999999, 28.40625), (77.18249999999999, 28.4), (77.175, 28.4)),)]}"
1,Trees,4.12079805105368,28.041229467396754,,8.978402176e-05,"{'type': 'MultiPolygon', 'coordinates': [(((77.1825, 28.4), (77.1825, 28.40625), (77.19, 28.40625), (77.19, 28.4), (77.1825, 28.4)),)]}"
1,Trees,4.511110175666162,27.879361207897816,,9.0783784509e-05,"{'type': 'MultiPolygon', 'coordinates': [(((77.19, 28.4), (77.19, 28.40625), (77.19749999999999, 28.40625), (77.19749999999999, 28.4), (77.19, 28.4)),)]}"
1,Trees,3.801055688310314,27.713481456732406,,9.1617439894e-05,"{'type': 'MultiPolygon', 'coordinates': [(((77.1975, 28.4), (77.1975, 28.40625), (77.205, 28.40625), (77.205, 28.4), (77.1975, 28.4)),)]}"
1,Trees,3.520254268484601,27.506867927658902,,9.2500837081e-05,"{'type': 'MultiPolygon', 'coordinates': [(((77.205, 28.4), (77.205, 28.40625), (77.21249999999999, 28.40625), (77.21249999999999, 28.4), (77.205, 28.4)),)]}"
1,Trees,3.778344644552986,27.287370225013095,,9.3806428633e-05,"{'type': 'MultiPolygon', 'coordinates': [(((77.2125, 28.4), (77.2125, 28.40625), (77.22, 28.40625), (77.22, 28.4), (77.2125, 28.4)),)]}"
1,Trees,5.533192646664543,27.38317983367984,,9.53291382e-05,"{'type': 'MultiPolygon', 'coordinates': [(((77.22, 28.4), (77.22, 28.40625), (77.22749999999999, 28.40625), (77.22749999999999, 28.4), (77.22, 28.4)),)]}"
1,Trees,6.891381359100343,27.644226817702865,,9.8836145587e-05,"{'type': 'MultiPolygon', 'coordinates': [(((77.2275, 28.4), (77.2275, 28.40625), (77.235, 28.40625), (77.235, 28.4), (77.2275, 28.4)),)]}"
1,Trees,5.448457663746203,27.8711965811966,,0.000101423695453,"{'type': 'MultiPolygon', 'coordinates': [(((77.235, 28.4), (77.235, 28.40625), (77.24249999999999, 28.40625), (77.24249999999999, 28.4), (77.235, 28.4)),)]}"
1,Trees,5.10587142486056,28.146278911564654,,0.000103956062997,"{'type': 'MultiPolygon', 'coordinates': [(((77.2425, 28.4), (77.2425, 28.40625), (77.25, 28.40625), (77.25, 28.4), (77.2425, 28.4)),)]}"
1,Trees,7.766717554147271,27.527401613374767,,0.000135056531245,"{'type': 'MultiPolygon', 'coordinates': [(((77.235, 28.48125), (77.235, 28.4875), (77.24249999999999, 28.4875), (77.24249999999999, 28.48125), (77.235, 28.48125)),)]}"
1,Trees,6.748035307075282,27.62970134395225,,0.000136953594161,"{'type': 'MultiPolygon', 'coordinates': [(((77.2425, 28.48125), (77.2425, 28.4875), (77.25, 28.4875), (77.25, 28.48125), (77.2425, 28.48125)),)]}"
1,Trees,5.062045662431442,27.320590715898813,,0.000128986749857,"{'type': 'MultiPolygon', 'coordinates': [(((77.2275, 28.474999999999998), (77.2275, 28.48125), (77.235, 28.48125), (77.235, 28.474999999999998), (77.2275, 28.474999999999998)),)]}"
1,Trees,4.685618637375914,27.34474411659165,,0.000130770128007,"{'type': 'MultiPolygon', 'coordinates': [(((77.235, 28.474999999999998), (77.235, 28.48125), (77.24249999999999, 28.48125), (77.24249999999999, 28.474999999999998), (77.235, 28.474999999999998)),)]}"
1,Trees,4.556934115049002,27.41072424183464,,0.000133068864248,"{'type': 'MultiPolygon', 'coordinates': [(((77.2425, 28.474999999999998), (77.2425, 28.48125), (77.25, 28.48125), (77.25, 28.474999999999998), (77.2425, 28.474999999999998)),)]}"
1,Trees,4.16588532703522,27.286313723717633,,0.000128780792141,"{'type': 'MultiPolygon', 'coordinates': [(((77.2425, 28.46875), (77.2425, 28.475), (77.25, 28.475), (77.25, 28.46875), (77.2425, 28.46875)),)]}"
1,Trees,4.304434158512064,27.302539283469535,,0.000126398924445,"{'type': 'MultiPolygon', 'coordinates': [(((77.235, 28.46875), (77.235, 28.475), (77.24249999999999, 28.475), (77.24249999999999, 28.46875), (77.235, 28.46875)),)]}"
1,Trees,4.751610475286062,27.482093023255857,,0.000124308279097,"{'type': 'MultiPolygon', 'coordinates': [(((77.2275, 28.46875), (77.2275, 28.475), (77.235, 28.475), (77.235, 28.46875), (77.2275, 28.46875)),)]}"
1,Trees,7.299224276164733,27.482093023255857,,0.000122199150404,"{'type': 'MultiPolygon', 'coordinates': [(((77.22, 28.46875), (77.22, 28.475), (77.22749999999999, 28.475), (77.22749999999999, 28.46875), (77.22, 28.46875)),)]}"
1,Trees,5.364333777564371,27.682492143306124,,0.000116439176937,"{'type': 'MultiPolygon', 'coordinates': [(((77.22, 28.4625), (77.22, 28.46875), (77.22749999999999, 28.46875), (77.22749999999999, 28.4625), (77.22, 28.4625)),)]}"
1,Trees,4.346222458954376,27.54373685887229,,0.000117879702996,"{'type': 'MultiPolygon', 'coordinates': [(((77.2275, 28.4625), (77.2275, 28.46875), (77.235, 28.46875), (77.235, 28.4625), (77.2275, 28.4625)),)]}"
1,Trees,4.03294916193364,27.3134366419394,,0.000119665099515,"{'type': 'MultiPolygon', 'coordinates': [(((77.235, 28.4625), (77.235, 28.46875), (77.24249999999999, 28.46875), (77.24249999999999, 28.4625), (77.235, 28.4625)),)]}"
1,Trees,3.926903636725824,27.2484673614588,,0.000121887224245,"{'type': 'MultiPolygon', 'coordinates': [(((77.2425, 28.4625), (77.2425, 28.46875), (77.25, 28.46875), (77.25, 28.4625), (77.2425, 28.4625)),)]}"
1,Trees,3.635767288593981,27.20734369938457,,0.00011847507281,"{'type': 'MultiPolygon', 'coordinates': [(((77.2425, 28.456249999999997), (77.2425, 28.4625), (77.25, 28.4625), (77.25, 28.456249999999997), (77.2425, 28.456249999999997)),)]}"
1,Trees,3.833485566218291,27.291256808371227,,0.000116299800658,"{'type': 'MultiPolygon', 'coordinates': [(((77.235, 28.456249999999997), (77.235, 28.4625), (77.24249999999999, 28.4625), (77.24249999999999, 28.456249999999997), (77.235, 28.456249999999997)),)]}"
1,Trees,3.997314072944022,27.5230155716772,,0.000114666763702,"{'type': 'MultiPolygon', 'coordinates': [(((77.2275, 28.456249999999997), (77.2275, 28.4625), (77.235, 28.4625), (77.235, 28.456249999999997), (77.2275, 28.456249999999997)),)]}"
1,Trees,4.462167010540504,27.710967944688903,,0.000113207430037,"{'type': 'MultiPolygon', 'coordinates': [(((77.22, 28.456249999999997), (77.22, 28.4625), (77.22749999999999, 28.4625), (77.22749999999999, 28.456249999999997), (77.22, 28.456249999999997)),)]}"
1,Trees,3.577314200836259,27.248348597767233,,0.000113227762118,"{'type': 'MultiPolygon', 'coordinates': [(((77.235, 28.45), (77.235, 28.45625), (77.24249999999999, 28.45625), (77.24249999999999, 28.45), (77.235, 28.45)),)]}"
1,Trees,3.370109636908237,27.15324263038553,,0.000115336819284,"{'type': 'MultiPolygon', 'coordinates': [(((77.2425, 28.45), (77.2425, 28.45625), (77.25, 28.45625), (77.25, 28.45), (77.2425, 28.45)),)]}"
1,Trees,3.171049121269316,26.97362195517,,0.000111989037138,"{'type': 'MultiPolygon', 'coordinates': [(((77.2425, 28.443749999999998), (77.2425, 28.45), (77.25, 28.45), (77.25, 28.443749999999998), (77.2425, 28.443749999999998)),)]}"
1,Trees,3.455101641557984,27.13543467501209,,0.000110057620188,"{'type': 'MultiPolygon', 'coordinates': [(((77.235, 28.443749999999998), (77.235, 28.45), (77.24249999999999, 28.45), (77.24249999999999, 28.443749999999998), (77.235, 28.443749999999998)),)]}"
1,Trees,3.166188860019986,27.06863013698633,,0.000110083433265,"{'type': 'MultiPolygon', 'coordinates': [(((77.2425, 28.4375), (77.2425, 28.44375), (77.25, 28.44375), (77.25, 28.4375), (77.2425, 28.4375)),)]}"
6,Built area,31.239156262294664,29.72532603285219,1.022709922731529,0.000164754919804,"{'type': 'MultiPolygon', 'coordinates': [(((77.31750000000001, 28.5), (77.31750000000001, 28.50625), (77.325, 28.50625), (77.325, 28.5), (77.31750000000001, 28.5)),)]}"
6,Built area,24.928243624197474,29.14792738612321,0.445311276002556,0.00016259882613,"{'type': 'MultiPolygon', 'coordinates': [(((77.33250000000001, 28.5), (77.33250000000001, 28.50625), (77.34, 28.50625), (77.34, 28.5), (77.33250000000001, 28.5)),)]}"
6,Built area,32.34386866801494,29.504406895466165,0.801790785345503,0.000164277932996,"{'type': 'MultiPolygon', 'coordinates': [(((77.325, 28.5), (77.325, 28.50625), (77.3325, 28.50625), (77.3325, 28.5), (77.325, 28.5)),)]}"
6,Built area,33.02339548678011,29.625894281476647,0.923278171355989,0.00016690435006,"{'type': 'MultiPolygon', 'coordinates': [(((77.325, 28.506249999999998), (77.325, 28.5125), (77.3325, 28.5125), (77.3325, 28.506249999999998), (77.325, 28.506249999999998)),)]}"
6,Built area,26.24875237205981,29.382806604513974,0.680190494393312,0.000165628080521,"{'type': 'MultiPolygon', 'coordinates': [(((77.33250000000001, 28.506249999999998), (77.33250000000001, 28.5125), (77.34, 28.5125), (77.34, 28.506249999999998), (77.33250000000001, 28.506249999999998)),)]}"
6,Built area,16.85047366534393,28.930822072072097,0.228205961951435,0.00016453040996,"{'type': 'MultiPolygon', 'coordinates': [(((77.34, 28.506249999999998), (77.34, 28.5125), (77.3475, 28.5125), (77.3475, 28.506249999999998), (77.34, 28.506249999999998)),)]}"
4,Crops,12.06223844837498,28.15459269940673,,0.000161212569059,"{'type': 'MultiPolygon', 'coordinates': [(((77.34750000000001, 28.5), (77.34750000000001, 28.50625), (77.355, 28.50625), (77.355, 28.5), (77.34750000000001, 28.5)),)]}"
6,Built area,17.196666917623396,28.6855661424276,-0.017049967693069,0.000161295136684,"{'type': 'MultiPolygon', 'coordinates': [(((77.34, 28.5), (77.34, 28.50625), (77.3475, 28.50625), (77.3475, 28.5), (77.34, 28.5)),)]}"
6,Built area,5.843910591827857,27.792611872146143,-0.910004237974516,0.000146145247317,"{'type': 'MultiPolygon', 'coordinates': [(((77.37750000000001, 28.474999999999998), (77.37750000000001, 28.48125), (77.385, 28.48125), (77.385, 28.474999999999998), (77.37750000000001, 28.474999999999998)),)]}"
6,Built area,6.465886867529637,27.996243571506735,-0.706372538613923,0.000141780076739,"{'type': 'MultiPolygon', 'coordinates': [(((77.385, 28.46875), (77.385, 28.475), (77.3925, 28.475), (77.3925, 28.46875), (77.385, 28.46875)),)]}"
6,Built area,5.203026990263297,28.01627001569862,-0.686346094422042,0.000143465856878,"{'type': 'MultiPolygon', 'coordinates': [(((77.37750000000001, 28.46875), (77.37750000000001, 28.475), (77.385, 28.475), (77.385, 28.46875), (77.37750000000001, 28.46875)),)]}"
6,Built area,6.198060711157867,27.978421052631568,-0.724195057489087,0.000140741774762,"{'type': 'MultiPolygon', 'coordinates': [(((77.39250000000001, 28.46875), (77.39250000000001, 28.475), (77.4, 28.475), (77.4, 28.46875), (77.39250000000001, 28.46875)),)]}"
4,Crops,5.140860205356026,28.1583194733195,,0.000127778205498,"{'type': 'MultiPolygon', 'coordinates': [(((77.4, 28.4375), (77.4, 28.44375), (77.4075, 28.44375), (77.4075, 28.4375), (77.4, 28.4375)),)]}"
4,Crops,5.16648391286197,28.20858712715859,,0.000129515928167,"{'type': 'MultiPolygon', 'coordinates': [(((77.39250000000001, 28.4375), (77.39250000000001, 28.44375), (77.4, 28.44375), (77.4, 28.4375), (77.39250000000001, 28.4375)),)]}"
4,Crops,4.021798945762017,28.31885493501935,,0.000130108305657,"{'type': 'MultiPolygon', 'coordinates': [(((77.385, 28.4375), (77.385, 28.44375), (77.3925, 28.44375), (77.3925, 28.4375), (77.385, 28.4375)),)]}"
4,Crops,3.988701427967913,28.32612768184199,,0.000130170965691,"{'type': 'MultiPolygon', 'coordinates': [(((77.37750000000001, 28.4375), (77.37750000000001, 28.44375), (77.385, 28.44375), (77.385, 28.4375), (77.37750000000001, 28.4375)),)]}"
4,Crops,3.614197629529077,28.32502180359328,,0.000132076049425,"{'type': 'MultiPolygon', 'coordinates': [(((77.37750000000001, 28.443749999999998), (77.37750000000001, 28.45), (77.385, 28.45), (77.385, 28.443749999999998), (77.37750000000001, 28.443749999999998)),)]}"
4,Crops,3.73522927562733,28.254080380086165,,0.000131946857674,"{'type': 'MultiPolygon', 'coordinates': [(((77.385, 28.443749999999998), (77.385, 28.45), (77.3925, 28.45), (77.3925, 28.443749999999998), (77.385, 28.443749999999998)),)]}"
4,Crops,4.225313475576498,28.076113727542324,,0.000131323135908,"{'type': 'MultiPolygon', 'coordinates': [(((77.39250000000001, 28.443749999999998), (77.39250000000001, 28.45), (77.4, 28.45), (77.4, 28.443749999999998), (77.39250000000001, 28.443749999999998)),)]}"
4,Crops,4.260008413514238,28.00091074880552,,0.000129352977509,"{'type': 'MultiPolygon', 'coordinates': [(((77.4, 28.443749999999998), (77.4, 28.45), (77.4075, 28.45), (77.4075, 28.443749999999998), (77.4, 28.443749999999998)),)]}"
4,Crops,3.62624793752249,27.96514390371535,,0.000136100369591,"{'type': 'MultiPolygon', 'coordinates': [(((77.37750000000001, 28.45), (77.37750000000001, 28.45625), (77.385, 28.45625), (77.385, 28.45), (77.37750000000001, 28.45)),)]}"
4,Crops,3.648578705521405,27.9043374548638,,0.0001357691951,"{'type': 'MultiPolygon', 'coordinates': [(((77.385, 28.45), (77.385, 28.45625), (77.3925, 28.45625), (77.3925, 28.45), (77.385, 28.45)),)]}"
4,Crops,3.815768460969668,27.90571446014305,,0.000137873321149,"{'type': 'MultiPolygon', 'coordinates': [(((77.37750000000001, 28.456249999999997), (77.37750000000001, 28.4625), (77.385, 28.4625), (77.385, 28.456249999999997), (77.37750000000001, 28.456249999999997)),)]}"
4,Crops,3.835650372746829,27.89212827907496,,0.000137671104847,"{'type': 'MultiPolygon', 'coordinates': [(((77.385, 28.456249999999997), (77.385, 28.4625), (77.3925, 28.4625), (77.3925, 28.456249999999997), (77.385, 28.456249999999997)),)]}"
4,Crops,3.906607433825782,27.796218457101684,,0.00013730492636,"{'type': 'MultiPolygon', 'coordinates': [(((77.39250000000001, 28.456249999999997), (77.39250000000001, 28.4625), (77.4, 28.4625), (77.4, 28.456249999999997), (77.39250000000001, 28.456249999999997)),)]}"
4,Crops,3.662584431268074,27.82735419630158,,0.000135912655765,"{'type': 'MultiPolygon', 'coordinates': [(((77.4, 28.456249999999997), (77.4, 28.4625), (77.4075, 28.4625), (77.4075, 28.456249999999997), (77.4, 28.456249999999997)),)]}"
4,Crops,3.714060978235933,27.722119584676015,,0.000135127886811,"{'type': 'MultiPolygon', 'coordinates': [(((77.39250000000001, 28.45), (77.39250000000001, 28.45625), (77.4, 28.45625), (77.4, 28.45), (77.39250000000001, 28.45)),)]}"
4,Crops,3.925851626098659,27.752105263157944,,0.000133494148905,"{'type': 'MultiPolygon', 'coordinates': [(((77.4, 28.45), (77.4, 28.45625), (77.4075, 28.45625), (77.4075, 28.45), (77.4, 28.45)),)]}"
4,Crops,4.894244406138293,27.865428983417463,,0.000138998920033,"{'type': 'MultiPolygon', 'coordinates': [(((77.39250000000001, 28.4625), (77.39250000000001, 28.46875), (77.4, 28.46875), (77.4, 28.4625), (77.39250000000001, 28.4625)),)]}"
4,Crops,4.194746975955032,27.892361308677096,,0.000137974912776,"{'type': 'MultiPolygon', 'coordinates': [(((77.4, 28.4625), (77.4, 28.46875), (77.4075, 28.46875), (77.4075, 28.4625), (77.4, 28.4625)),)]}"
4,Crops,4.409120172413473,27.895318932209367,,0.000139771900214,"{'type': 'MultiPolygon', 'coordinates': [(((77.37750000000001, 28.4625), (77.37750000000001, 28.46875), (77.385, 28.46875), (77.385, 28.4625), (77.37750000000001, 28.4625)),)]}"
4,Crops,4.993720400131354,27.903884236407688,,0.000139347448314,"{'type': 'MultiPolygon', 'coordinates': [(((77.385, 28.4625), (77.385, 28.46875), (77.3925, 28.46875), (77.3925, 28.4625), (77.385, 28.4625)),)]}"
1,Trees,5.114431036753242,27.537114155251142,,0.000140488872978,"{'type': 'MultiPolygon', 'coordinates': [(((77.36250000000001, 28.4625), (77.36250000000001, 28.46875), (77.37, 28.46875), (77.37, 28.4625), (77.36250000000001, 28.4625)),)]}"
4,Crops,4.723805112353826,27.77856164383564,,0.000140246893065,"{'type': 'MultiPolygon', 'coordinates': [(((77.37, 28.4625), (77.37, 28.46875), (77.3775, 28.46875), (77.3775, 28.4625), (77.37, 28.4625)),)]}"
1,Trees,7.601901725516458,27.8047516335222,,0.000143245161847,"{'type': 'MultiPolygon', 'coordinates': [(((77.34, 28.4625), (77.34, 28.46875), (77.3475, 28.46875), (77.3475, 28.4625), (77.34, 28.4625)),)]}"
1,Trees,5.265483083563336,27.708550854488163,,0.000142904998883,"{'type': 'MultiPolygon', 'coordinates': [(((77.34750000000001, 28.4625), (77.34750000000001, 28.46875), (77.355, 28.46875), (77.355, 28.4625), (77.34750000000001, 28.4625)),)]}"
1,Trees,4.324695335426911,27.427959459459466,,0.000140764272852,"{'type': 'MultiPolygon', 'coordinates': [(((77.355, 28.4625), (77.355, 28.46875), (77.3625, 28.46875), (77.3625, 28.4625), (77.355, 28.4625)),)]}"
4,Crops,13.256003202917604,28.163215451105,,0.000144014172907,"{'type': 'MultiPolygon', 'coordinates': [(((77.33250000000001, 28.4625), (77.33250000000001, 28.46875), (77.34, 28.46875), (77.34, 28.4625), (77.33250000000001, 28.4625)),)]}"
6,Built area,15.956154154597805,28.737893605758273,0.035277495637608,0.000145071267828,"{'type': 'MultiPolygon', 'coordinates': [(((77.325, 28.4625), (77.325, 28.46875), (77.3325, 28.46875), (77.3325, 28.4625), (77.325, 28.4625)),)]}"
6,Built area,28.57273198626368,29.995397495056046,1.292781384935385,0.000144674855611,"{'type': 'MultiPolygon', 'coordinates': [(((77.31, 28.4625), (77.31, 28.46875), (77.3175, 28.46875), (77.3175, 28.4625), (77.31, 28.4625)),)]}"
6,Built area,18.717897612361583,29.311197278911603,0.608581168790941,0.000145463561221,"{'type': 'MultiPolygon', 'coordinates': [(((77.31750000000001, 28.4625), (77.31750000000001, 28.46875), (77.325, 28.46875), (77.325, 28.4625), (77.31750000000001, 28.4625)),)]}"
1,Trees,11.124249611093866,28.23692755615608,,0.000141141111604,"{'type': 'MultiPolygon', 'coordinates': [(((77.33250000000001, 28.456249999999997), (77.33250000000001, 28.4625), (77.34, 28.4625), (77.34, 28.456249999999997), (77.33250000000001, 28.456249999999997)),)]}"
6,Built area,13.760929421798602,28.916478608817453,0.213862498696791,0.000141736345478,"{'type': 'MultiPolygon', 'coordinates': [(((77.325, 28.456249999999997), (77.325, 28.4625), (77.3325, 28.4625), (77.3325, 28.456249999999997), (77.325, 28.456249999999997)),)]}"
6,Built area,18.30604936144679,29.596318489872534,0.893702379751872,0.000141802043794,"{'type': 'MultiPolygon', 'coordinates': [(((77.31750000000001, 28.456249999999997), (77.31750000000001, 28.4625), (77.325, 28.4625), (77.325, 28.456249999999997), (77.31750000000001, 28.456249999999997)),)]}"
6,Built area,29.60833816785636,30.20310954481688,1.500493434696214,0.000140728309876,"{'type': 'MultiPolygon', 'coordinates': [(((77.31, 28.456249999999997), (77.31, 28.4625), (77.3175, 28.4625), (77.3175, 28.456249999999997), (77.31, 28.456249999999997)),)]}"
6,Built area,32.8282600480157,30.46025641025642,1.757640300135758,0.000136501839041,"{'type': 'MultiPolygon', 'coordinates': [(((77.31, 28.45), (77.31, 28.45625), (77.3175, 28.45625), (77.3175, 28.45), (77.31, 28.45)),)]}"
6,Built area,22.59301501834715,30.155715051499072,1.453098941378411,0.000137655458865,"{'type': 'MultiPolygon', 'coordinates': [(((77.31750000000001, 28.45), (77.31750000000001, 28.45625), (77.325, 28.45625), (77.325, 28.45), (77.31750000000001, 28.45)),)]}"
6,Built area,14.38424852570972,29.349464011049424,0.646847900928762,0.00013812643985,"{'type': 'MultiPolygon', 'coordinates': [(((77.325, 28.45), (77.325, 28.45625), (77.3325, 28.45625), (77.3325, 28.45), (77.325, 28.45)),)]}"
1,Trees,9.58375005464296,28.51700128700132,,0.000137969855676,"{'type': 'MultiPolygon', 'coordinates': [(((77.33250000000001, 28.45), (77.33250000000001, 28.45625), (77.34, 28.45625), (77.34, 28.45), (77.33250000000001, 28.45)),)]}"
1,Trees,5.899923865859574,27.834768339768367,,0.000137716401846,"{'type': 'MultiPolygon', 'coordinates': [(((77.34, 28.45), (77.34, 28.45625), (77.3475, 28.45625), (77.3475, 28.45), (77.34, 28.45)),)]}"
1,Trees,4.63326559131319,27.384310198700483,,0.000137587220769,"{'type': 'MultiPolygon', 'coordinates': [(((77.34750000000001, 28.45), (77.34750000000001, 28.45625), (77.355, 28.45625), (77.355, 28.45), (77.34750000000001, 28.45)),)]}"
1,Trees,4.043406309607057,27.19439024390249,,0.000136805982825,"{'type': 'MultiPolygon', 'coordinates': [(((77.355, 28.45), (77.355, 28.45625), (77.3625, 28.45625), (77.3625, 28.45), (77.355, 28.45)),)]}"
1,Trees,6.767972969525569,27.761107397662933,,0.00014068771153,"{'type': 'MultiPolygon', 'coordinates': [(((77.34, 28.456249999999997), (77.34, 28.4625), (77.3475, 28.4625), (77.3475, 28.456249999999997), (77.34, 28.456249999999997)),)]}"
1,Trees,4.885886781119011,27.558966270828925,,0.000140418536774,"{'type': 'MultiPolygon', 'coordinates': [(((77.34750000000001, 28.456249999999997), (77.34750000000001, 28.4625), (77.355, 28.4625), (77.355, 28.456249999999997), (77.34750000000001, 28.456249999999997)),)]}"
1,Trees,4.085984892315335,27.30230982201716,,0.000138811793872,"{'type': 'MultiPolygon', 'coordinates': [(((77.355, 28.456249999999997), (77.355, 28.4625), (77.3625, 28.4625), (77.3625, 28.456249999999997), (77.355, 28.456249999999997)),)]}"
1,Trees,5.109712654674377,27.456078856295346,,0.000138308887075,"{'type': 'MultiPolygon', 'coordinates': [(((77.36250000000001, 28.456249999999997), (77.36250000000001, 28.4625), (77.37, 28.4625), (77.37, 28.456249999999997), (77.36250000000001, 28.456249999999997)),)]}"
4,Crops,4.580532091694909,27.75732234432236,,0.000138111913718,"{'type': 'MultiPolygon', 'coordinates': [(((77.37, 28.456249999999997), (77.37, 28.4625), (77.3775, 28.4625), (77.3775, 28.456249999999997), (77.37, 28.456249999999997)),)]}"
4,Crops,4.12919751735958,27.43287244561641,,0.000136337185702,"{'type': 'MultiPolygon', 'coordinates': [(((77.36250000000001, 28.45), (77.36250000000001, 28.45625), (77.37, 28.45625), (77.37, 28.45), (77.36250000000001, 28.45)),)]}"
4,Crops,3.891006740418384,27.797971153846177,,0.000136281324888,"{'type': 'MultiPolygon', 'coordinates': [(((77.37, 28.45), (77.37, 28.45625), (77.3775, 28.45625), (77.3775, 28.45), (77.37, 28.45)),)]}"
1,Trees,5.444245725567058,27.3945187870798,,0.000133946955117,"{'type': 'MultiPolygon', 'coordinates': [(((77.34750000000001, 28.443749999999998), (77.34750000000001, 28.45), (77.355, 28.45), (77.355, 28.443749999999998), (77.34750000000001, 28.443749999999998)),)]}"
1,Trees,7.011144175771938,27.89735870602838,,0.000134052460498,"{'type': 'MultiPolygon', 'coordinates': [(((77.34, 28.443749999999998), (77.34, 28.45), (77.3475, 28.45), (77.3475, 28.443749999999998), (77.34, 28.443749999999998)),)]}"
1,Trees,4.858519567854311,27.465715227422564,,0.000133166713529,"{'type': 'MultiPolygon', 'coordinates': [(((77.355, 28.443749999999998), (77.355, 28.45), (77.3625, 28.45), (77.3625, 28.443749999999998), (77.355, 28.443749999999998)),)]}"
4,Crops,4.156018778909446,27.91004567235833,,0.000132443871041,"{'type': 'MultiPolygon', 'coordinates': [(((77.36250000000001, 28.443749999999998), (77.36250000000001, 28.45), (77.37, 28.45), (77.37, 28.443749999999998), (77.36250000000001, 28.443749999999998)),)]}"
4,Crops,3.84074580669403,28.20869612676384,,0.00013216080874,"{'type': 'MultiPolygon', 'coordinates': [(((77.37, 28.443749999999998), (77.37, 28.45), (77.3775, 28.45), (77.3775, 28.443749999999998), (77.37, 28.443749999999998)),)]}"
4,Crops,4.791711591347474,28.20541830095657,,0.000130199529464,"{'type': 'MultiPolygon', 'coordinates': [(((77.37, 28.4375), (77.37, 28.44375), (77.3775, 28.44375), (77.3775, 28.4375), (77.37, 28.4375)),)]}"
4,Crops,5.760269994880458,28.00435155951848,,0.000130794700843,"{'type': 'MultiPolygon', 'coordinates': [(((77.36250000000001, 28.4375), (77.36250000000001, 28.44375), (77.37, 28.44375), (77.37, 28.4375), (77.36250000000001, 28.4375)),)]}"
4,Crops,6.957369215773893,27.770194462755484,,0.000131315608553,"{'type': 'MultiPolygon', 'coordinates': [(((77.355, 28.4375), (77.355, 28.44375), (77.3625, 28.44375), (77.3625, 28.4375), (77.355, 28.4375)),)]}"
4,Crops,6.977910241096353,27.72747594386908,,0.000131727909164,"{'type': 'MultiPolygon', 'coordinates': [(((77.34750000000001, 28.4375), (77.34750000000001, 28.44375), (77.355, 28.44375), (77.355, 28.4375), (77.34750000000001, 28.4375)),)]}"
1,Trees,8.117091079184416,28.133826530612275,,0.000131808430336,"{'type': 'MultiPolygon', 'coordinates': [(((77.34, 28.4375), (77.34, 28.44375), (77.3475, 28.44375), (77.3475, 28.4375), (77.34, 28.4375)),)]}"
6,Built area,12.434282048328503,28.72553625125296,0.0229201411323,0.000131768961846,"{'type': 'MultiPolygon', 'coordinates': [(((77.33250000000001, 28.4375), (77.33250000000001, 28.44375), (77.34, 28.44375), (77.34, 28.4375), (77.33250000000001, 28.4375)),)]}"
6,Built area,17.112006404548634,29.345261324041857,0.642645213921195,0.000131566093674,"{'type': 'MultiPolygon', 'coordinates': [(((77.325, 28.4375), (77.325, 28.44375), (77.3325, 28.44375), (77.3325, 28.4375), (77.325, 28.4375)),)]}"
6,Built area,28.718935663635666,29.874089542265327,1.171473432144669,0.000130970066463,"{'type': 'MultiPolygon', 'coordinates': [(((77.31750000000001, 28.4375), (77.31750000000001, 28.44375), (77.325, 28.44375), (77.325, 28.4375), (77.31750000000001, 28.4375)),)]}"
6,Built area,36.47333987205466,30.259970336189873,1.557354226069208,0.000130219312894,"{'type': 'MultiPolygon', 'coordinates': [(((77.31, 28.4375), (77.31, 28.44375), (77.3175, 28.44375), (77.3175, 28.4375), (77.31, 28.4375)),)]}"
6,Built area,34.669711572869765,30.342116694555752,1.639500584435091,0.000132258111903,"{'type': 'MultiPolygon', 'coordinates': [(((77.31, 28.443749999999998), (77.31, 28.45), (77.3175, 28.45), (77.3175, 28.443749999999998), (77.31, 28.443749999999998)),)]}"
6,Built area,25.65408411834199,30.004383561643856,1.301767451523194,0.000133192289036,"{'type': 'MultiPolygon', 'coordinates': [(((77.31750000000001, 28.443749999999998), (77.31750000000001, 28.45), (77.325, 28.45), (77.325, 28.443749999999998), (77.31750000000001, 28.443749999999998)),)]}"
6,Built area,16.17830164768497,29.299560222243205,0.596944112122543,0.000133953089052,"{'type': 'MultiPolygon', 'coordinates': [(((77.325, 28.443749999999998), (77.325, 28.45), (77.3325, 28.45), (77.3325, 28.443749999999998), (77.325, 28.443749999999998)),)]}"
6,Built area,11.911528559955393,28.56954751563176,-0.133068594488908,0.000134104236128,"{'type': 'MultiPolygon', 'coordinates': [(((77.33250000000001, 28.443749999999998), (77.33250000000001, 28.45), (77.34, 28.45), (77.34, 28.443749999999998), (77.33250000000001, 28.443749999999998)),)]}"
6,Built area,15.56047546924274,27.908712302574937,-0.793903807545725,0.000120626567747,"{'type': 'MultiPolygon', 'coordinates': [(((77.28, 28.443749999999998), (77.28, 28.45), (77.2875, 28.45), (77.2875, 28.443749999999998), (77.28, 28.443749999999998)),)]}"
1,Trees,11.949282034023389,28.35748031120235,,0.000125072283413,"{'type': 'MultiPolygon', 'coordinates': [(((77.28750000000001, 28.443749999999998), (77.28750000000001, 28.45), (77.295, 28.45), (77.295, 28.443749999999998), (77.28750000000001, 28.443749999999998)),)]}"
6,Built area,19.67753795695021,28.933980279219725,0.231364169099063,0.000129831794835,"{'type': 'MultiPolygon', 'coordinates': [(((77.295, 28.443749999999998), (77.295, 28.45), (77.3025, 28.45), (77.3025, 28.443749999999998), (77.295, 28.443749999999998)),)]}"
6,Built area,36.63933867891832,29.689232207204345,0.986616097083683,0.000132419060693,"{'type': 'MultiPolygon', 'coordinates': [(((77.30250000000001, 28.443749999999998), (77.30250000000001, 28.45), (77.31, 28.45), (77.31, 28.443749999999998), (77.30250000000001, 28.443749999999998)),)]}"
6,Built area,37.55302689087532,29.886284664216515,1.183668554095853,0.000130026459392,"{'type': 'MultiPolygon', 'coordinates': [(((77.30250000000001, 28.4375), (77.30250000000001, 28.44375), (77.31, 28.44375), (77.31, 28.4375), (77.30250000000001, 28.4375)),)]}"
6,Built area,21.398237546821072,29.220853856060465,0.5182377459398,0.000127253435673,"{'type': 'MultiPolygon', 'coordinates': [(((77.295, 28.4375), (77.295, 28.44375), (77.3025, 28.44375), (77.3025, 28.4375), (77.295, 28.4375)),)]}"
1,Trees,13.700658975420769,28.635067140788845,,0.000122680191576,"{'type': 'MultiPolygon', 'coordinates': [(((77.28750000000001, 28.4375), (77.28750000000001, 28.44375), (77.295, 28.44375), (77.295, 28.4375), (77.28750000000001, 28.4375)),)]}"
1,Trees,13.219121699397627,28.140909794812245,,0.000118597000116,"{'type': 'MultiPolygon', 'coordinates': [(((77.28, 28.4375), (77.28, 28.44375), (77.2875, 28.44375), (77.2875, 28.4375), (77.28, 28.4375)),)]}"
1,Trees,7.329038830671906,27.665668623613858,,0.000117035690964,"{'type': 'MultiPolygon', 'coordinates': [(((77.27250000000001, 28.4375), (77.27250000000001, 28.44375), (77.28, 28.44375), (77.28, 28.4375), (77.27250000000001, 28.4375)),)]}"
1,Trees,4.203288464280847,27.263677606177648,,0.000114253945339,"{'type': 'MultiPolygon', 'coordinates': [(((77.265, 28.4375), (77.265, 28.44375), (77.2725, 28.44375), (77.2725, 28.4375), (77.265, 28.4375)),)]}"
1,Trees,3.444384360192799,27.0296466851549,,0.000111808361609,"{'type': 'MultiPolygon', 'coordinates': [(((77.25750000000001, 28.4375), (77.25750000000001, 28.44375), (77.265, 28.44375), (77.265, 28.4375), (77.25750000000001, 28.4375)),)]}"
1,Trees,3.212947643689208,26.954147834743672,,0.000111511487329,"{'type': 'MultiPolygon', 'coordinates': [(((77.25, 28.4375), (77.25, 28.44375), (77.2575, 28.44375), (77.2575, 28.4375), (77.25, 28.4375)),)]}"
1,Trees,3.25553481242855,26.822999713617484,,0.000113400021372,"{'type': 'MultiPolygon', 'coordinates': [(((77.25, 28.443749999999998), (77.25, 28.45), (77.2575, 28.45), (77.2575, 28.443749999999998), (77.25, 28.443749999999998)),)]}"
1,Trees,3.546590433508006,26.850530304107707,,0.000113710057706,"{'type': 'MultiPolygon', 'coordinates': [(((77.25750000000001, 28.443749999999998), (77.25750000000001, 28.45), (77.265, 28.45), (77.265, 28.443749999999998), (77.25750000000001, 28.443749999999998)),)]}"
1,Trees,4.499551629455359,27.06317073170738,,0.000115899194664,"{'type': 'MultiPolygon', 'coordinates': [(((77.265, 28.443749999999998), (77.265, 28.45), (77.2725, 28.45), (77.2725, 28.443749999999998), (77.265, 28.443749999999998)),)]}"
1,Trees,8.849059621358322,27.428478354255216,,0.000118890483104,"{'type': 'MultiPolygon', 'coordinates': [(((77.27250000000001, 28.443749999999998), (77.27250000000001, 28.45), (77.28, 28.45), (77.28, 28.443749999999998), (77.27250000000001, 28.443749999999998)),)]}"
1,Trees,3.559500892755344,27.145873198983004,,0.000116814652946,"{'type': 'MultiPolygon', 'coordinates': [(((77.25, 28.45), (77.25, 28.45625), (77.2575, 28.45625), (77.2575, 28.45), (77.25, 28.45)),)]}"
1,Trees,4.448572623568611,27.19690227310438,,0.000117164865769,"{'type': 'MultiPolygon', 'coordinates': [(((77.25750000000001, 28.45), (77.25750000000001, 28.45625), (77.265, 28.45625), (77.265, 28.45), (77.25750000000001, 28.45)),)]}"
1,Trees,4.592275619506835,27.230212400362788,,0.000119971911138,"{'type': 'MultiPolygon', 'coordinates': [(((77.25, 28.456249999999997), (77.25, 28.4625), (77.2575, 28.4625), (77.2575, 28.456249999999997), (77.25, 28.456249999999997)),)]}"
1,Trees,7.293268300391533,27.301969470715143,,0.000120280736421,"{'type': 'MultiPolygon', 'coordinates': [(((77.25750000000001, 28.456249999999997), (77.25750000000001, 28.4625), (77.265, 28.4625), (77.265, 28.456249999999997), (77.25750000000001, 28.456249999999997)),)]}"
6,Built area,9.548451189240222,27.503698088332246,-1.198918021788415,0.000122540134923,"{'type': 'MultiPolygon', 'coordinates': [(((77.265, 28.456249999999997), (77.265, 28.4625), (77.2725, 28.4625), (77.2725, 28.456249999999997), (77.265, 28.456249999999997)),)]}"
1,Trees,11.744357959644212,27.85312925170071,,0.000125508442457,"{'type': 'MultiPolygon', 'coordinates': [(((77.27250000000001, 28.456249999999997), (77.27250000000001, 28.4625), (77.28, 28.4625), (77.28, 28.456249999999997), (77.27250000000001, 28.456249999999997)),)]}"
1,Trees,5.574595174741182,27.44365853658536,,0.00011984296383,"{'type': 'MultiPolygon', 'coordinates': [(((77.265, 28.45), (77.265, 28.45625), (77.2725, 28.45625), (77.2725, 28.45), (77.265, 28.45)),)]}"
1,Trees,9.054053795498772,27.834248516809495,,0.000123241032915,"{'type': 'MultiPolygon', 'coordinates': [(((77.27250000000001, 28.45), (77.27250000000001, 28.45625), (77.28, 28.45625), (77.28, 28.45), (77.27250000000001, 28.45)),)]}"
1,Trees,17.99141026831962,28.241627675460467,,0.000125016390679,"{'type': 'MultiPolygon', 'coordinates': [(((77.28, 28.45), (77.28, 28.45625), (77.2875, 28.45625), (77.2875, 28.45), (77.28, 28.45)),)]}"
1,Trees,16.56166655447347,28.382195121951273,,0.000130032906467,"{'type': 'MultiPolygon', 'coordinates': [(((77.28750000000001, 28.45), (77.28750000000001, 28.45625), (77.295, 28.45625), (77.295, 28.45), (77.28750000000001, 28.45)),)]}"
6,Built area,22.110718392037057,28.644662020905976,-0.057954089214686,0.000134998175815,"{'type': 'MultiPolygon', 'coordinates': [(((77.295, 28.45), (77.295, 28.45625), (77.3025, 28.45625), (77.3025, 28.45), (77.295, 28.45)),)]}"
6,Built area,39.33364879762805,29.349586971587,0.64697086146634,0.000136930235107,"{'type': 'MultiPolygon', 'coordinates': [(((77.30250000000001, 28.45), (77.30250000000001, 28.45625), (77.31, 28.45625), (77.31, 28.45), (77.30250000000001, 28.45)),)]}"
6,Built area,35.65025158508403,29.7995595896084,1.096943479487738,0.000141081226586,"{'type': 'MultiPolygon', 'coordinates': [(((77.30250000000001, 28.456249999999997), (77.30250000000001, 28.4625), (77.31, 28.4625), (77.31, 28.456249999999997), (77.30250000000001, 28.456249999999997)),)]}"
6,Built area,25.68007591608408,29.22561899560516,0.523002885484498,0.000138921620101,"{'type': 'MultiPolygon', 'coordinates': [(((77.295, 28.456249999999997), (77.295, 28.4625), (77.3025, 28.4625), (77.3025, 28.456249999999997), (77.295, 28.456249999999997)),)]}"
6,Built area,25.125143641975995,28.732851955845728,0.030235845725073,0.000133575097646,"{'type': 'MultiPolygon', 'coordinates': [(((77.28750000000001, 28.456249999999997), (77.28750000000001, 28.4625), (77.295, 28.4625), (77.295, 28.456249999999997), (77.28750000000001, 28.456249999999997)),)]}"
6,Built area,21.614333096388226,28.30624174547873,-0.396374364641932,0.000127968366752,"{'type': 'MultiPolygon', 'coordinates': [(((77.28, 28.456249999999997), (77.28, 28.4625), (77.2875, 28.4625), (77.2875, 28.456249999999997), (77.28, 28.456249999999997)),)]}"
6,Built area,27.55470264544916,29.54156641268144,0.838950302560772,0.000142608173059,"{'type': 'MultiPolygon', 'coordinates': [(((77.295, 28.4625), (77.295, 28.46875), (77.3025, 28.46875), (77.3025, 28.4625), (77.295, 28.4625)),)]}"
6,Built area,34.309871486081924,30.030168810558,1.327552700437337,0.000144712740266,"{'type': 'MultiPolygon', 'coordinates': [(((77.30250000000001, 28.4625), (77.30250000000001, 28.46875), (77.31, 28.46875), (77.31, 28.4625), (77.30250000000001, 28.4625)),)]}"
6,Built area,27.678490556713705,28.926358648900507,0.223742538779845,0.000137516503859,"{'type': 'MultiPolygon', 'coordinates': [(((77.28750000000001, 28.4625), (77.28750000000001, 28.46875), (77.295, 28.46875), (77.295, 28.4625), (77.28750000000001, 28.4625)),)]}"
6,Built area,21.12207141999276,28.33475338753393,-0.367862722586736,0.000131763644115,"{'type': 'MultiPolygon', 'coordinates': [(((77.28, 28.4625), (77.28, 28.46875), (77.2875, 28.46875), (77.2875, 28.4625), (77.28, 28.4625)),)]}"
6,Built area,10.675676726649456,27.55145682267636,-1.151159287444305,0.000125786731764,"{'type': 'MultiPolygon', 'coordinates': [(((77.265, 28.4625), (77.265, 28.46875), (77.2725, 28.46875), (77.2725, 28.4625), (77.265, 28.4625)),)]}"
6,Built area,12.674585849097134,27.861753300623423,-0.840862809497239,0.00012839292186,"{'type': 'MultiPolygon', 'coordinates': [(((77.27250000000001, 28.4625), (77.27250000000001, 28.46875), (77.28, 28.46875), (77.28, 28.4625), (77.27250000000001, 28.4625)),)]}"
1,Trees,5.40182818887996,27.283498926065615,,0.00012338086459,"{'type': 'MultiPolygon', 'coordinates': [(((77.25, 28.4625), (77.25, 28.46875), (77.2575, 28.46875), (77.2575, 28.4625), (77.25, 28.4625)),)]}"
6,Built area,8.506801961843939,27.343645339124656,-1.358970770996002,0.00012365647448,"{'type': 'MultiPolygon', 'coordinates': [(((77.25750000000001, 28.4625), (77.25750000000001, 28.46875), (77.265, 28.46875), (77.265, 28.4625), (77.25750000000001, 28.4625)),)]}"
1,Trees,4.964966070813102,27.292962998713023,,0.000130307266802,"{'type': 'MultiPolygon', 'coordinates': [(((77.25, 28.46875), (77.25, 28.475), (77.2575, 28.475), (77.2575, 28.46875), (77.25, 28.46875)),)]}"
6,Built area,7.312133162660905,27.24380288700852,-1.458813223112145,0.000130616219025,"{'type': 'MultiPolygon', 'coordinates': [(((77.25750000000001, 28.46875), (77.25750000000001, 28.475), (77.265, 28.475), (77.265, 28.46875), (77.25750000000001, 28.46875)),)]}"
6,Built area,11.006096256121014,27.84785533791636,-0.854760772204308,0.000135325418301,"{'type': 'MultiPolygon', 'coordinates': [(((77.27250000000001, 28.46875), (77.27250000000001, 28.475), (77.28, 28.475), (77.28, 28.46875), (77.27250000000001, 28.46875)),)]}"
6,Built area,8.87729772039362,27.601707317073192,-1.10090879304747,0.000132978794851,"{'type': 'MultiPolygon', 'coordinates': [(((77.265, 28.46875), (77.265, 28.475), (77.2725, 28.475), (77.2725, 28.46875), (77.265, 28.46875)),)]}"
1,Trees,4.822767357267629,27.44114543285379,,0.000134658294163,"{'type': 'MultiPolygon', 'coordinates': [(((77.25, 28.474999999999998), (77.25, 28.48125), (77.2575, 28.48125), (77.2575, 28.474999999999998), (77.25, 28.474999999999998)),)]}"
1,Trees,5.913669441514097,27.43369520491126,,0.000135007139427,"{'type': 'MultiPolygon', 'coordinates': [(((77.25750000000001, 28.474999999999998), (77.25750000000001, 28.48125), (77.265, 28.48125), (77.265, 28.474999999999998), (77.25750000000001, 28.474999999999998)),)]}"
1,Trees,6.738834595358051,27.64879542060729,,0.000137667378711,"{'type': 'MultiPolygon', 'coordinates': [(((77.265, 28.474999999999998), (77.265, 28.48125), (77.2725, 28.48125), (77.2725, 28.474999999999998), (77.265, 28.474999999999998)),)]}"
1,Trees,9.966049208858896,28.0664930037056,,0.000140620493941,"{'type': 'MultiPolygon', 'coordinates': [(((77.27250000000001, 28.474999999999998), (77.27250000000001, 28.48125), (77.28, 28.48125), (77.28, 28.474999999999998), (77.27250000000001, 28.474999999999998)),)]}"
6,Built area,17.313098960902373,28.20227539564032,-0.500340714480348,0.000145491361525,"{'type': 'MultiPolygon', 'coordinates': [(((77.28, 28.474999999999998), (77.28, 28.48125), (77.2875, 28.48125), (77.2875, 28.474999999999998), (77.28, 28.474999999999998)),)]}"
6,Built area,21.582947904999195,28.612619445372594,-0.089996664748067,0.000149538144093,"{'type': 'MultiPolygon', 'coordinates': [(((77.28750000000001, 28.474999999999998), (77.28750000000001, 28.48125), (77.295, 28.48125), (77.295, 28.474999999999998), (77.28750000000001, 28.474999999999998)),)]}"
6,Built area,29.884117453531424,29.185699352911953,0.483083242791288,0.00015187560812,"{'type': 'MultiPolygon', 'coordinates': [(((77.295, 28.474999999999998), (77.295, 28.48125), (77.3025, 28.48125), (77.3025, 28.474999999999998), (77.295, 28.474999999999998)),)]}"
6,Built area,44.29399262767728,29.69226411627132,0.989648006150652,0.000152798080203,"{'type': 'MultiPolygon', 'coordinates': [(((77.30250000000001, 28.474999999999998), (77.30250000000001, 28.48125), (77.31, 28.48125), (77.31, 28.474999999999998), (77.30250000000001, 28.474999999999998)),)]}"
6,Built area,25.08908996453374,28.82662491760056,0.1240088074799,0.000145777605659,"{'type': 'MultiPolygon', 'coordinates': [(((77.28750000000001, 28.46875), (77.28750000000001, 28.475), (77.295, 28.475), (77.295, 28.46875), (77.28750000000001, 28.46875)),)]}"
6,Built area,19.129443018823054,28.28123199570189,-0.421384114418764,0.000140941722013,"{'type': 'MultiPolygon', 'coordinates': [(((77.28, 28.46875), (77.28, 28.475), (77.2875, 28.475), (77.2875, 28.46875), (77.28, 28.46875)),)]}"
6,Built area,29.92924799790253,29.388526630164325,0.685910520043663,0.000148746348969,"{'type': 'MultiPolygon', 'coordinates': [(((77.295, 28.46875), (77.295, 28.475), (77.3025, 28.475), (77.3025, 28.46875), (77.295, 28.46875)),)]}"
6,Built area,42.45381971233811,29.81668160843775,1.114065498317089,0.000149822808118,"{'type': 'MultiPolygon', 'coordinates': [(((77.30250000000001, 28.46875), (77.30250000000001, 28.475), (77.31, 28.475), (77.31, 28.46875), (77.30250000000001, 28.46875)),)]}"
6,Built area,22.47300964342603,29.53666401194628,0.83404790182562,0.000150990464302,"{'type': 'MultiPolygon', 'coordinates': [(((77.31750000000001, 28.46875), (77.31750000000001, 28.475), (77.325, 28.475), (77.325, 28.46875), (77.31750000000001, 28.46875)),)]}"
6,Built area,31.84054983628763,29.76600000000002,1.063383889879358,0.000150832013719,"{'type': 'MultiPolygon', 'coordinates': [(((77.31, 28.46875), (77.31, 28.475), (77.3175, 28.475), (77.3175, 28.46875), (77.31, 28.46875)),)]}"
6,Built area,13.604671288501551,28.630759330759375,-0.071856779361283,0.000148295534824,"{'type': 'MultiPolygon', 'coordinates': [(((77.33250000000001, 28.46875), (77.33250000000001, 28.475), (77.34, 28.475), (77.34, 28.46875), (77.33250000000001, 28.46875)),)]}"
6,Built area,18.325421189939657,29.091884907555688,0.389268797435026,0.000150444940106,"{'type': 'MultiPolygon', 'coordinates': [(((77.325, 28.46875), (77.325, 28.475), (77.3325, 28.475), (77.3325, 28.46875), (77.325, 28.46875)),)]}"
1,Trees,9.423074182626364,28.219882443419063,,0.000146637592539,"{'type': 'MultiPolygon', 'coordinates': [(((77.34, 28.46875), (77.34, 28.475), (77.3475, 28.475), (77.3475, 28.46875), (77.34, 28.46875)),)]}"
1,Trees,6.272057256650363,27.893961766644708,,0.000146269398746,"{'type': 'MultiPolygon', 'coordinates': [(((77.34750000000001, 28.46875), (77.34750000000001, 28.475), (77.355, 28.475), (77.355, 28.46875), (77.34750000000001, 28.46875)),)]}"
5,Shrub & scrub,4.687128434310089,27.696666666666715,,0.000144042702952,"{'type': 'MultiPolygon', 'coordinates': [(((77.355, 28.46875), (77.355, 28.475), (77.3625, 28.475), (77.3625, 28.46875), (77.355, 28.46875)),)]}"
4,Crops,4.432212817507822,27.98425000000005,,0.000144909304494,"{'type': 'MultiPolygon', 'coordinates': [(((77.37, 28.46875), (77.37, 28.475), (77.3775, 28.475), (77.3775, 28.46875), (77.37, 28.46875)),)]}"
4,Crops,4.557681217965548,27.841711711711728,,0.000145005682458,"{'type': 'MultiPolygon', 'coordinates': [(((77.36250000000001, 28.46875), (77.36250000000001, 28.475), (77.37, 28.475), (77.37, 28.46875), (77.36250000000001, 28.46875)),)]}"
1,Trees,7.674872937339615,27.981891357612216,,0.000151131055555,"{'type': 'MultiPolygon', 'coordinates': [(((77.34750000000001, 28.474999999999998), (77.34750000000001, 28.48125), (77.355, 28.48125), (77.355, 28.474999999999998), (77.34750000000001, 28.474999999999998)),)]}"
6,Built area,12.294813329376066,28.438381600259167,-0.264234509861495,0.00015151018464,"{'type': 'MultiPolygon', 'coordinates': [(((77.34, 28.474999999999998), (77.34, 28.48125), (77.3475, 28.48125), (77.3475, 28.474999999999998), (77.34, 28.474999999999998)),)]}"
1,Trees,5.019856465829386,27.70439909297057,,0.000148824696368,"{'type': 'MultiPolygon', 'coordinates': [(((77.355, 28.474999999999998), (77.355, 28.48125), (77.3625, 28.48125), (77.3625, 28.474999999999998), (77.355, 28.474999999999998)),)]}"
4,Crops,4.707699765171381,27.631600907029497,,0.000148015882593,"{'type': 'MultiPolygon', 'coordinates': [(((77.36250000000001, 28.474999999999998), (77.36250000000001, 28.48125), (77.37, 28.48125), (77.37, 28.474999999999998), (77.36250000000001, 28.474999999999998)),)]}"
4,Crops,4.799474574751774,27.719791095890443,,0.000147007957688,"{'type': 'MultiPolygon', 'coordinates': [(((77.37, 28.474999999999998), (77.37, 28.48125), (77.3775, 28.48125), (77.3775, 28.474999999999998), (77.37, 28.474999999999998)),)]}"
6,Built area,17.253575712593168,29.043301757795874,0.340685647675208,0.000152113220138,"{'type': 'MultiPolygon', 'coordinates': [(((77.33250000000001, 28.474999999999998), (77.33250000000001, 28.48125), (77.34, 28.48125), (77.34, 28.474999999999998), (77.33250000000001, 28.474999999999998)),)]}"
6,Built area,21.32121127823652,29.574313550800856,0.871697440680197,0.000152913037654,"{'type': 'MultiPolygon', 'coordinates': [(((77.325, 28.474999999999998), (77.325, 28.48125), (77.3325, 28.48125), (77.3325, 28.474999999999998), (77.325, 28.474999999999998)),)]}"
6,Built area,23.19912022624524,29.766753442840567,1.064137332719909,0.000153256108962,"{'type': 'MultiPolygon', 'coordinates': [(((77.31750000000001, 28.474999999999998), (77.31750000000001, 28.48125), (77.325, 28.48125), (77.325, 28.474999999999998), (77.31750000000001, 28.474999999999998)),)]}"
6,Built area,31.192199145476835,29.81651020408165,1.11389409396099,0.00015450460084,"{'type': 'MultiPolygon', 'coordinates': [(((77.31, 28.474999999999998), (77.31, 28.48125), (77.3175, 28.48125), (77.3175, 28.474999999999998), (77.31, 28.474999999999998)),)]}"
6,Built area,29.85694023891405,29.811078492935646,1.108462382814988,0.000158043690787,"{'type': 'MultiPolygon', 'coordinates': [(((77.31, 28.48125), (77.31, 28.4875), (77.3175, 28.4875), (77.3175, 28.48125), (77.31, 28.48125)),)]}"
6,Built area,21.908259552878295,29.772221758497032,1.069605648376371,0.000156796445858,"{'type': 'MultiPolygon', 'coordinates': [(((77.31750000000001, 28.48125), (77.31750000000001, 28.4875), (77.325, 28.4875), (77.325, 28.48125), (77.31750000000001, 28.48125)),)]}"
6,Built area,30.97717568202928,29.76025641025643,1.05764030013577,0.000163265558549,"{'type': 'MultiPolygon', 'coordinates': [(((77.31, 28.487499999999997), (77.31, 28.49375), (77.3175, 28.49375), (77.3175, 28.487499999999997), (77.31, 28.487499999999997)),)]}"
6,Built area,26.08196783065796,29.606835011678243,0.904218901557581,0.00016311393463,"{'type': 'MultiPolygon', 'coordinates': [(((77.31750000000001, 28.487499999999997), (77.31750000000001, 28.49375), (77.325, 28.49375), (77.325, 28.487499999999997), (77.31750000000001, 28.487499999999997)),)]}"
6,Built area,20.536293281091226,29.59682926829271,0.894213158172047,0.00016230944546,"{'type': 'MultiPolygon', 'coordinates': [(((77.325, 28.487499999999997), (77.325, 28.49375), (77.3325, 28.49375), (77.3325, 28.487499999999997), (77.325, 28.487499999999997)),)]}"
6,Built area,16.585481661397058,29.266651285431784,0.564035175311123,0.000160303143412,"{'type': 'MultiPolygon', 'coordinates': [(((77.33250000000001, 28.487499999999997), (77.33250000000001, 28.49375), (77.34, 28.49375), (77.34, 28.487499999999997), (77.33250000000001, 28.487499999999997)),)]}"
6,Built area,17.97103058969652,29.692993385030533,0.990377274909871,0.000156365542763,"{'type': 'MultiPolygon', 'coordinates': [(((77.325, 28.48125), (77.325, 28.4875), (77.3325, 28.4875), (77.3325, 28.48125), (77.325, 28.48125)),)]}"
6,Built area,16.942065414248592,29.207411699981673,0.504795589861008,0.000155517337973,"{'type': 'MultiPolygon', 'coordinates': [(((77.33250000000001, 28.48125), (77.33250000000001, 28.4875), (77.34, 28.4875), (77.34, 28.48125), (77.33250000000001, 28.48125)),)]}"
6,Built area,14.280489607437238,28.580439498447465,-0.122176611673197,0.000154891075976,"{'type': 'MultiPolygon', 'coordinates': [(((77.34, 28.48125), (77.34, 28.4875), (77.3475, 28.4875), (77.3475, 28.48125), (77.34, 28.48125)),)]}"
1,Trees,9.484772028149784,28.074544454715703,,0.000154585845201,"{'type': 'MultiPolygon', 'coordinates': [(((77.34750000000001, 28.48125), (77.34750000000001, 28.4875), (77.355, 28.4875), (77.355, 28.48125), (77.34750000000001, 28.48125)),)]}"
4,Crops,5.912478959982551,27.73867994026884,,0.000152657272964,"{'type': 'MultiPolygon', 'coordinates': [(((77.355, 28.48125), (77.355, 28.4875), (77.3625, 28.4875), (77.3625, 28.48125), (77.355, 28.48125)),)]}"
1,Trees,5.186841470164221,27.521921602787472,,0.000151698567019,"{'type': 'MultiPolygon', 'coordinates': [(((77.36250000000001, 28.48125), (77.36250000000001, 28.4875), (77.37, 28.4875), (77.37, 28.48125), (77.36250000000001, 28.48125)),)]}"
1,Trees,5.944873489238121,27.439215557020443,,0.000157768831751,"{'type': 'MultiPolygon', 'coordinates': [(((77.36250000000001, 28.487499999999997), (77.36250000000001, 28.49375), (77.37, 28.49375), (77.37, 28.487499999999997), (77.36250000000001, 28.487499999999997)),)]}"
1,Trees,6.986680584984856,27.810487804878107,,0.000157698538873,"{'type': 'MultiPolygon', 'coordinates': [(((77.355, 28.487499999999997), (77.355, 28.49375), (77.3625, 28.49375), (77.3625, 28.487499999999997), (77.355, 28.487499999999997)),)]}"
6,Built area,15.958200970211546,28.747647361647367,0.045031251526709,0.00015883944733,"{'type': 'MultiPolygon', 'coordinates': [(((77.34, 28.487499999999997), (77.34, 28.49375), (77.3475, 28.49375), (77.3475, 28.487499999999997), (77.34, 28.487499999999997)),)]}"
4,Crops,11.386537110483324,28.213788649276495,,0.00015867756167,"{'type': 'MultiPolygon', 'coordinates': [(((77.34750000000001, 28.487499999999997), (77.34750000000001, 28.49375), (77.355, 28.49375), (77.355, 28.487499999999997), (77.34750000000001, 28.487499999999997)),)]}"
1,Trees,8.297152541047435,27.49494586354652,,0.000157768831751,"{'type': 'MultiPolygon', 'coordinates': [(((77.36250000000001, 28.49375), (77.36250000000001, 28.5), (77.37, 28.5), (77.37, 28.49375), (77.36250000000001, 28.49375)),)]}"
1,Trees,8.071216216763935,27.515890326301943,,0.000157698538873,"{'type': 'MultiPolygon', 'coordinates': [(((77.355, 28.49375), (77.355, 28.5), (77.3625, 28.5), (77.3625, 28.49375), (77.355, 28.49375)),)]}"
4,Crops,12.243646428064643,28.034590274131727,,0.0001586831585,"{'type': 'MultiPolygon', 'coordinates': [(((77.34750000000001, 28.49375), (77.34750000000001, 28.5), (77.355, 28.5), (77.355, 28.49375), (77.34750000000001, 28.49375)),)]}"
6,Built area,16.34323742430089,28.525924624902263,-0.176691485218399,0.00015883944733,"{'type': 'MultiPolygon', 'coordinates': [(((77.34, 28.49375), (77.34, 28.5), (77.3475, 28.5), (77.3475, 28.49375), (77.34, 28.49375)),)]}"
6,Built area,29.24977989843336,29.43787430488653,0.735258194765876,0.00016230944546,"{'type': 'MultiPolygon', 'coordinates': [(((77.325, 28.49375), (77.325, 28.5), (77.3325, 28.5), (77.3325, 28.49375), (77.325, 28.49375)),)]}"
6,Built area,19.97721324095855,29.00648314320719,0.303867033086529,0.000160301374239,"{'type': 'MultiPolygon', 'coordinates': [(((77.33250000000001, 28.49375), (77.33250000000001, 28.5), (77.34, 28.5), (77.34, 28.49375), (77.33250000000001, 28.49375)),)]}"
6,Built area,28.36759690128732,29.790433378969983,1.087817268849321,0.000163265558549,"{'type': 'MultiPolygon', 'coordinates': [(((77.31, 28.49375), (77.31, 28.5), (77.3175, 28.5), (77.3175, 28.49375), (77.31, 28.49375)),)]}"
6,Built area,30.338206528407063,29.751338932070688,1.04872282195003,0.00016311393463,"{'type': 'MultiPolygon', 'coordinates': [(((77.31750000000001, 28.49375), (77.31750000000001, 28.5), (77.325, 28.5), (77.325, 28.49375), (77.31750000000001, 28.49375)),)]}"
6,Built area,23.43092362840297,28.962403783431206,0.259787673310544,0.000154912425383,"{'type': 'MultiPolygon', 'coordinates': [(((77.28, 28.49375), (77.28, 28.5), (77.2875, 28.5), (77.2875, 28.49375), (77.28, 28.49375)),)]}"
6,Built area,35.04680661897402,29.41051409423364,0.707897984112979,0.000157902997472,"{'type': 'MultiPolygon', 'coordinates': [(((77.28750000000001, 28.49375), (77.28750000000001, 28.5), (77.295, 28.5), (77.295, 28.49375), (77.28750000000001, 28.49375)),)]}"
6,Built area,33.34689980584222,29.98273224185728,1.280116131736612,0.000162270881393,"{'type': 'MultiPolygon', 'coordinates': [(((77.30250000000001, 28.487499999999997), (77.30250000000001, 28.49375), (77.31, 28.49375), (77.31, 28.487499999999997), (77.30250000000001, 28.487499999999997)),)]}"
6,Built area,30.62992338554279,29.86199004479844,1.159373934677777,0.00015984651693,"{'type': 'MultiPolygon', 'coordinates': [(((77.295, 28.487499999999997), (77.295, 28.49375), (77.3025, 28.49375), (77.3025, 28.487499999999997), (77.295, 28.487499999999997)),)]}"
6,Built area,35.27117221311213,29.752339982897485,1.049723872776823,0.0001563801126,"{'type': 'MultiPolygon', 'coordinates': [(((77.30250000000001, 28.48125), (77.30250000000001, 28.4875), (77.31, 28.4875), (77.31, 28.48125), (77.30250000000001, 28.48125)),)]}"
6,Built area,28.783395712440075,29.34423967147838,0.641623561357719,0.000155051615052,"{'type': 'MultiPolygon', 'coordinates': [(((77.295, 28.48125), (77.295, 28.4875), (77.3025, 28.4875), (77.3025, 28.48125), (77.295, 28.48125)),)]}"
6,Built area,29.11018524362908,28.81964659034352,0.117030480222851,0.000152961227459,"{'type': 'MultiPolygon', 'coordinates': [(((77.28750000000001, 28.48125), (77.28750000000001, 28.4875), (77.295, 28.4875), (77.295, 28.48125), (77.28750000000001, 28.48125)),)]}"
6,Built area,20.94794783398912,28.394073099623185,-0.308543010497477,0.000149443344758,"{'type': 'MultiPolygon', 'coordinates': [(((77.28, 28.48125), (77.28, 28.4875), (77.2875, 28.4875), (77.2875, 28.48125), (77.28, 28.48125)),)]}"
6,Built area,30.450929248655164,29.44006591957815,0.737449809457488,0.000157902997472,"{'type': 'MultiPolygon', 'coordinates': [(((77.28750000000001, 28.487499999999997), (77.28750000000001, 28.49375), (77.295, 28.49375), (77.295, 28.487499999999997), (77.28750000000001, 28.487499999999997)),)]}"
6,Built area,19.97123346135423,28.88648202138003,0.183865911259367,0.000154926408873,"{'type': 'MultiPolygon', 'coordinates': [(((77.28, 28.487499999999997), (77.28, 28.49375), (77.2875, 28.49375), (77.2875, 28.487499999999997), (77.28, 28.487499999999997)),)]}"
6,Built area,11.504290712846291,28.403098455598496,-0.299517654522163,0.0001492412265,"{'type': 'MultiPolygon', 'coordinates': [(((77.27250000000001, 28.487499999999997), (77.27250000000001, 28.49375), (77.28, 28.49375), (77.28, 28.487499999999997), (77.27250000000001, 28.487499999999997)),)]}"
1,Trees,8.435741982612804,27.92571428571432,,0.000146452276484,"{'type': 'MultiPolygon', 'coordinates': [(((77.265, 28.487499999999997), (77.265, 28.49375), (77.2725, 28.49375), (77.2725, 28.487499999999997), (77.265, 28.487499999999997)),)]}"
1,Trees,11.221866636662869,28.222287480311255,,0.000144512845789,"{'type': 'MultiPolygon', 'coordinates': [(((77.27250000000001, 28.48125), (77.27250000000001, 28.4875), (77.28, 28.4875), (77.28, 28.48125), (77.27250000000001, 28.48125)),)]}"
1,Trees,6.4625379584893,27.74455663798623,,0.000141450925988,"{'type': 'MultiPolygon', 'coordinates': [(((77.265, 28.48125), (77.265, 28.4875), (77.2725, 28.4875), (77.2725, 28.48125), (77.265, 28.48125)),)]}"
1,Trees,5.891486614137082,27.611782692170976,,0.000138672283059,"{'type': 'MultiPolygon', 'coordinates': [(((77.25750000000001, 28.48125), (77.25750000000001, 28.4875), (77.265, 28.4875), (77.265, 28.48125), (77.25750000000001, 28.48125)),)]}"
1,Trees,5.997462183387847,27.652777501244447,,0.000138309020926,"{'type': 'MultiPolygon', 'coordinates': [(((77.25, 28.48125), (77.25, 28.4875), (77.2575, 28.4875), (77.2575, 28.48125), (77.25, 28.48125)),)]}"
1,Trees,7.733944464374232,27.868862973760994,,0.000143635075993,"{'type': 'MultiPolygon', 'coordinates': [(((77.25750000000001, 28.487499999999997), (77.25750000000001, 28.49375), (77.265, 28.49375), (77.265, 28.487499999999997), (77.25750000000001, 28.487499999999997)),)]}"
1,Trees,16.41105584840517,28.406503201808103,,0.000146452276484,"{'type': 'MultiPolygon', 'coordinates': [(((77.265, 28.49375), (77.265, 28.5), (77.2725, 28.5), (77.2725, 28.49375), (77.265, 28.49375)),)]}"
1,Trees,14.883093397496108,28.599182567335905,,0.000149239703164,"{'type': 'MultiPolygon', 'coordinates': [(((77.27250000000001, 28.49375), (77.27250000000001, 28.5), (77.28, 28.5), (77.28, 28.49375), (77.27250000000001, 28.49375)),)]}"
6,Built area,22.558140516685913,29.52443601765034,0.821819907529679,0.000123137533546,"{'type': 'MultiPolygon', 'coordinates': [(((77.36250000000001, 28.4), (77.36250000000001, 28.40625), (77.37, 28.40625), (77.37, 28.4), (77.36250000000001, 28.4)),)]}"
6,Built area,14.694508413541111,29.26564864864868,0.563032538528017,0.000121743639671,"{'type': 'MultiPolygon', 'coordinates': [(((77.37, 28.4), (77.37, 28.40625), (77.3775, 28.40625), (77.3775, 28.4), (77.37, 28.4)),)]}"
6,Built area,31.37868212364816,29.82758400292187,1.124967892801209,0.000123954625692,"{'type': 'MultiPolygon', 'coordinates': [(((77.355, 28.4), (77.355, 28.40625), (77.3625, 28.40625), (77.3625, 28.4), (77.355, 28.4)),)]}"
6,Built area,28.386661455186744,29.652619829110765,0.950003718990104,0.000123493706119,"{'type': 'MultiPolygon', 'coordinates': [(((77.34750000000001, 28.4), (77.34750000000001, 28.40625), (77.355, 28.40625), (77.355, 28.4), (77.34750000000001, 28.4)),)]}"
6,Built area,24.29955902488204,29.40301871403252,0.700402603911851,0.000123417491071,"{'type': 'MultiPolygon', 'coordinates': [(((77.34, 28.4), (77.34, 28.40625), (77.3475, 28.40625), (77.3475, 28.4), (77.34, 28.4)),)]}"
6,Built area,26.927317552938927,29.797952221850995,1.095336111730333,0.000123271533804,"{'type': 'MultiPolygon', 'coordinates': [(((77.325, 28.4), (77.325, 28.40625), (77.3325, 28.40625), (77.3325, 28.4), (77.325, 28.4)),)]}"
6,Built area,22.96236505701736,29.4393384563983,0.736722346277638,0.000123460911655,"{'type': 'MultiPolygon', 'coordinates': [(((77.33250000000001, 28.4), (77.33250000000001, 28.40625), (77.34, 28.40625), (77.34, 28.4), (77.33250000000001, 28.4)),)]}"
6,Built area,38.5454056971782,30.476472972972992,1.77385686285233,0.000123300115695,"{'type': 'MultiPolygon', 'coordinates': [(((77.31, 28.4), (77.31, 28.40625), (77.3175, 28.40625), (77.3175, 28.4), (77.31, 28.4)),)]}"
6,Built area,31.85555789106984,30.32828687572592,1.625670765605257,0.000122631405157,"{'type': 'MultiPolygon', 'coordinates': [(((77.31750000000001, 28.4), (77.31750000000001, 28.40625), (77.325, 28.40625), (77.325, 28.4), (77.31750000000001, 28.4)),)]}"
6,Built area,38.15157318760699,30.65302739726032,1.950411287139655,0.000121968987078,"{'type': 'MultiPolygon', 'coordinates': [(((77.30250000000001, 28.4), (77.30250000000001, 28.40625), (77.31, 28.40625), (77.31, 28.4), (77.30250000000001, 28.4)),)]}"
6,Built area,28.359838362663023,30.68009684926608,1.977480739145417,0.000119375812387,"{'type': 'MultiPolygon', 'coordinates': [(((77.295, 28.4), (77.295, 28.40625), (77.3025, 28.40625), (77.3025, 28.4), (77.295, 28.4)),)]}"
6,Built area,22.734830700885656,30.780525290004167,2.077909179883509,0.000115445120357,"{'type': 'MultiPolygon', 'coordinates': [(((77.28, 28.4), (77.28, 28.40625), (77.2875, 28.40625), (77.2875, 28.4), (77.28, 28.4)),)]}"
6,Built area,25.15898696796314,30.75274174326152,2.050125633140855,0.000117451916177,"{'type': 'MultiPolygon', 'coordinates': [(((77.28750000000001, 28.4), (77.28750000000001, 28.40625), (77.295, 28.40625), (77.295, 28.4), (77.28750000000001, 28.4)),)]}"
6,Built area,14.755355596138946,29.901270929466087,1.198654819345429,0.000108956886916,"{'type': 'MultiPolygon', 'coordinates': [(((77.265, 28.4), (77.265, 28.40625), (77.2725, 28.40625), (77.2725, 28.4), (77.265, 28.4)),)]}"
6,Built area,21.22700805017504,30.581489106160017,1.878872996039356,0.000112028773962,"{'type': 'MultiPolygon', 'coordinates': [(((77.27250000000001, 28.4), (77.27250000000001, 28.40625), (77.28, 28.40625), (77.28, 28.4), (77.27250000000001, 28.4)),)]}"
1,Trees,9.312161004341254,29.23256473438027,,0.00010587800448,"{'type': 'MultiPolygon', 'coordinates': [(((77.25750000000001, 28.4), (77.25750000000001, 28.40625), (77.265, 28.40625), (77.265, 28.4), (77.25750000000001, 28.4)),)]}"
1,Trees,8.32593213178344,28.58435265619784,,0.000105472260283,"{'type': 'MultiPolygon', 'coordinates': [(((77.25, 28.4), (77.25, 28.40625), (77.2575, 28.40625), (77.2575, 28.4), (77.25, 28.4)),)]}"
1,Trees,5.620084567649944,28.819255019080835,,0.000105875244315,"{'type': 'MultiPolygon', 'coordinates': [(((77.25750000000001, 28.40625), (77.25750000000001, 28.4125), (77.265, 28.4125), (77.265, 28.40625), (77.25750000000001, 28.40625)),)]}"
1,Trees,5.304416197407266,28.225066908371826,,0.000105472260283,"{'type': 'MultiPolygon', 'coordinates': [(((77.25, 28.40625), (77.25, 28.4125), (77.2575, 28.4125), (77.2575, 28.40625), (77.25, 28.40625)),)]}"
6,Built area,12.730590947576468,30.11174027686226,1.409124166741599,0.000112009544145,"{'type': 'MultiPolygon', 'coordinates': [(((77.27250000000001, 28.40625), (77.27250000000001, 28.4125), (77.28, 28.4125), (77.28, 28.40625), (77.27250000000001, 28.40625)),)]}"
1,Trees,7.33161038049759,29.598780487804905,,0.000108956886916,"{'type': 'MultiPolygon', 'coordinates': [(((77.265, 28.40625), (77.265, 28.4125), (77.2725, 28.4125), (77.2725, 28.40625), (77.265, 28.40625)),)]}"
6,Built area,21.500803326188816,30.413583787486235,1.710967677365574,0.000115423416463,"{'type': 'MultiPolygon', 'coordinates': [(((77.28, 28.40625), (77.28, 28.4125), (77.2875, 28.4125), (77.2875, 28.40625), (77.28, 28.40625)),)]}"
6,Built area,26.883533056429627,30.604795200058387,1.902179089937725,0.000117451916177,"{'type': 'MultiPolygon', 'coordinates': [(((77.28750000000001, 28.40625), (77.28750000000001, 28.4125), (77.295, 28.4125), (77.295, 28.40625), (77.28750000000001, 28.40625)),)]}"
6,Built area,36.77488996689075,30.70649662162168,2.003880511501016,0.000121976716393,"{'type': 'MultiPolygon', 'coordinates': [(((77.30250000000001, 28.40625), (77.30250000000001, 28.4125), (77.31, 28.4125), (77.31, 28.40625), (77.30250000000001, 28.40625)),)]}"
6,Built area,29.481148687568872,30.695495166487714,1.992879056367048,0.000119375812387,"{'type': 'MultiPolygon', 'coordinates': [(((77.295, 28.40625), (77.295, 28.4125), (77.3025, 28.4125), (77.3025, 28.40625), (77.295, 28.40625)),)]}"
6,Built area,19.02189849271613,29.70118267882946,0.9985665687088,0.000115610141116,"{'type': 'MultiPolygon', 'coordinates': [(((77.28, 28.412499999999998), (77.28, 28.41875), (77.2875, 28.41875), (77.2875, 28.412499999999998), (77.28, 28.412499999999998)),)]}"
6,Built area,29.74534653328561,29.869651451509167,1.167035341388512,0.000117540274924,"{'type': 'MultiPolygon', 'coordinates': [(((77.28750000000001, 28.412499999999998), (77.28750000000001, 28.41875), (77.295, 28.41875), (77.295, 28.412499999999998), (77.28750000000001, 28.412499999999998)),)]}"
6,Built area,31.353085133180777,29.997046789447527,1.294430679326873,0.000119643385823,"{'type': 'MultiPolygon', 'coordinates': [(((77.295, 28.412499999999998), (77.295, 28.41875), (77.3025, 28.41875), (77.3025, 28.412499999999998), (77.295, 28.412499999999998)),)]}"
6,Built area,33.657956693623525,30.183391986062755,1.480775875942094,0.000122522370151,"{'type': 'MultiPolygon', 'coordinates': [(((77.30250000000001, 28.412499999999998), (77.30250000000001, 28.41875), (77.31, 28.41875), (77.31, 28.412499999999998), (77.30250000000001, 28.412499999999998)),)]}"
4,Crops,8.296395844816155,29.44745810519335,,0.000112574094264,"{'type': 'MultiPolygon', 'coordinates': [(((77.27250000000001, 28.412499999999998), (77.27250000000001, 28.41875), (77.28, 28.41875), (77.28, 28.412499999999998), (77.27250000000001, 28.412499999999998)),)]}"
4,Crops,4.587643768336322,29.115830429732924,,0.000108931077628,"{'type': 'MultiPolygon', 'coordinates': [(((77.265, 28.412499999999998), (77.265, 28.41875), (77.2725, 28.41875), (77.2725, 28.412499999999998), (77.265, 28.412499999999998)),)]}"
5,Shrub & scrub,3.912089844040459,28.43142691222836,,0.000105788757924,"{'type': 'MultiPolygon', 'coordinates': [(((77.25750000000001, 28.412499999999998), (77.25750000000001, 28.41875), (77.265, 28.41875), (77.265, 28.412499999999998), (77.25750000000001, 28.412499999999998)),)]}"
1,Trees,3.624991563619194,28.248940434710526,,0.000105377683611,"{'type': 'MultiPolygon', 'coordinates': [(((77.25, 28.412499999999998), (77.25, 28.41875), (77.2575, 28.41875), (77.2575, 28.412499999999998), (77.25, 28.412499999999998)),)]}"
5,Shrub & scrub,3.699231481632671,28.085666168906634,,0.000106260342088,"{'type': 'MultiPolygon', 'coordinates': [(((77.25, 28.41875), (77.25, 28.425), (77.2575, 28.425), (77.2575, 28.41875), (77.25, 28.41875)),)]}"
5,Shrub & scrub,3.870574297131717,28.259922017587574,,0.00010659395296,"{'type': 'MultiPolygon', 'coordinates': [(((77.25750000000001, 28.41875), (77.25750000000001, 28.425), (77.265, 28.425), (77.265, 28.41875), (77.25750000000001, 28.41875)),)]}"
1,Trees,4.488006792358449,28.81798407167749,,0.000109117143015,"{'type': 'MultiPolygon', 'coordinates': [(((77.265, 28.41875), (77.265, 28.425), (77.2725, 28.425), (77.2725, 28.41875), (77.265, 28.41875)),)]}"
4,Crops,5.817038991931328,29.169638136323098,,0.000113117606651,"{'type': 'MultiPolygon', 'coordinates': [(((77.27250000000001, 28.41875), (77.27250000000001, 28.425), (77.28, 28.425), (77.28, 28.41875), (77.27250000000001, 28.41875)),)]}"
1,Trees,5.670152023837373,28.960688231785827,,0.000113825025026,"{'type': 'MultiPolygon', 'coordinates': [(((77.27250000000001, 28.424999999999997), (77.27250000000001, 28.43125), (77.28, 28.43125), (77.28, 28.424999999999997), (77.27250000000001, 28.424999999999997)),)]}"
5,Shrub & scrub,4.518777293258333,28.50073170731708,,0.000109448047626,"{'type': 'MultiPolygon', 'coordinates': [(((77.265, 28.424999999999997), (77.265, 28.43125), (77.2725, 28.43125), (77.2725, 28.424999999999997), (77.265, 28.424999999999997)),)]}"
5,Shrub & scrub,3.950126631839855,28.119812510370046,,0.000108007217559,"{'type': 'MultiPolygon', 'coordinates': [(((77.25750000000001, 28.424999999999997), (77.25750000000001, 28.43125), (77.265, 28.43125), (77.265, 28.424999999999997), (77.25750000000001, 28.424999999999997)),)]}"
1,Trees,3.796494985351691,27.797027027027056,,0.00010781880132,"{'type': 'MultiPolygon', 'coordinates': [(((77.25, 28.424999999999997), (77.25, 28.43125), (77.2575, 28.43125), (77.2575, 28.424999999999997), (77.25, 28.424999999999997)),)]}"
1,Trees,3.443463481342853,27.14355566616895,,0.000109695703438,"{'type': 'MultiPolygon', 'coordinates': [(((77.25, 28.43125), (77.25, 28.4375), (77.2575, 28.4375), (77.2575, 28.43125), (77.25, 28.43125)),)]}"
1,Trees,3.692610116732323,27.27614767791514,,0.000110040688138,"{'type': 'MultiPolygon', 'coordinates': [(((77.25750000000001, 28.43125), (77.25750000000001, 28.4375), (77.265, 28.4375), (77.265, 28.43125), (77.25750000000001, 28.43125)),)]}"
1,Trees,4.28896790712618,27.54896835860252,,0.00011264057542,"{'type': 'MultiPolygon', 'coordinates': [(((77.265, 28.43125), (77.265, 28.4375), (77.2725, 28.4375), (77.2725, 28.43125), (77.265, 28.43125)),)]}"
1,Trees,6.039499968997504,27.981144814090023,,0.000115357189142,"{'type': 'MultiPolygon', 'coordinates': [(((77.27250000000001, 28.43125), (77.27250000000001, 28.4375), (77.28, 28.4375), (77.28, 28.43125), (77.27250000000001, 28.43125)),)]}"
6,Built area,11.362012154784797,28.435471331389714,-0.267144778730952,0.000116801883337,"{'type': 'MultiPolygon', 'coordinates': [(((77.28, 28.43125), (77.28, 28.4375), (77.2875, 28.4375), (77.2875, 28.43125), (77.28, 28.43125)),)]}"
1,Trees,17.1989357777544,28.934112850619726,,0.000120454637523,"{'type': 'MultiPolygon', 'coordinates': [(((77.28750000000001, 28.43125), (77.28750000000001, 28.4375), (77.295, 28.4375), (77.295, 28.43125), (77.28750000000001, 28.43125)),)]}"
6,Built area,25.064515963879835,29.5026183316628,0.80000222154214,0.000124754724129,"{'type': 'MultiPolygon', 'coordinates': [(((77.295, 28.43125), (77.295, 28.4375), (77.3025, 28.4375), (77.3025, 28.43125), (77.295, 28.43125)),)]}"
6,Built area,38.719660839792034,30.058611249377808,1.355995139257153,0.000127762004431,"{'type': 'MultiPolygon', 'coordinates': [(((77.30250000000001, 28.43125), (77.30250000000001, 28.4375), (77.31, 28.4375), (77.31, 28.43125), (77.30250000000001, 28.43125)),)]}"
6,Built area,36.71138552072885,29.989024390243912,1.286408280123251,0.000124815176592,"{'type': 'MultiPolygon', 'coordinates': [(((77.30250000000001, 28.424999999999997), (77.30250000000001, 28.43125), (77.31, 28.43125), (77.31, 28.424999999999997), (77.30250000000001, 28.424999999999997)),)]}"
6,Built area,29.98953467173828,29.67347152101259,0.970855410891929,0.000121354122139,"{'type': 'MultiPolygon', 'coordinates': [(((77.295, 28.424999999999997), (77.295, 28.43125), (77.3025, 28.43125), (77.3025, 28.424999999999997), (77.295, 28.424999999999997)),)]}"
6,Built area,21.944240032015625,29.385115830115847,0.682499719995189,0.000118366381465,"{'type': 'MultiPolygon', 'coordinates': [(((77.28750000000001, 28.424999999999997), (77.28750000000001, 28.43125), (77.295, 28.43125), (77.295, 28.424999999999997), (77.28750000000001, 28.424999999999997)),)]}"
1,Trees,10.230827647286494,29.16988662131524,,0.000116094771013,"{'type': 'MultiPolygon', 'coordinates': [(((77.28, 28.424999999999997), (77.28, 28.43125), (77.2875, 28.43125), (77.2875, 28.424999999999997), (77.28, 28.424999999999997)),)]}"
6,Built area,12.48570953027622,29.402184929721045,0.699568819600383,0.000115807013741,"{'type': 'MultiPolygon', 'coordinates': [(((77.28, 28.41875), (77.28, 28.425), (77.2875, 28.425), (77.2875, 28.41875), (77.28, 28.41875)),)]}"
6,Built area,27.115355137232186,29.58324415700128,0.88062804688062,0.00011784982296,"{'type': 'MultiPolygon', 'coordinates': [(((77.28750000000001, 28.41875), (77.28750000000001, 28.425), (77.295, 28.425), (77.295, 28.41875), (77.28750000000001, 28.41875)),)]}"
6,Built area,32.47626827775726,29.77478831559355,1.072172205472889,0.000120326608634,"{'type': 'MultiPolygon', 'coordinates': [(((77.295, 28.41875), (77.295, 28.425), (77.3025, 28.425), (77.3025, 28.41875), (77.295, 28.41875)),)]}"
6,Built area,34.1209888103846,30.0353598805376,1.332743770416936,0.000123454972243,"{'type': 'MultiPolygon', 'coordinates': [(((77.30250000000001, 28.41875), (77.30250000000001, 28.425), (77.31, 28.425), (77.31, 28.41875), (77.30250000000001, 28.41875)),)]}"
6,Built area,35.481316268946635,30.414784469885543,1.712168359764881,0.000124971651807,"{'type': 'MultiPolygon', 'coordinates': [(((77.31, 28.41875), (77.31, 28.425), (77.3175, 28.425), (77.3175, 28.41875), (77.31, 28.41875)),)]}"
6,Built area,28.538300160829188,30.600327028372373,1.897710918251711,0.000124524323041,"{'type': 'MultiPolygon', 'coordinates': [(((77.31750000000001, 28.41875), (77.31750000000001, 28.425), (77.325, 28.425), (77.325, 28.41875), (77.31750000000001, 28.41875)),)]}"
6,Built area,21.335203012904604,30.402365272938475,1.699749162817813,0.000125041233065,"{'type': 'MultiPolygon', 'coordinates': [(((77.325, 28.41875), (77.325, 28.425), (77.3325, 28.425), (77.3325, 28.41875), (77.325, 28.41875)),)]}"
6,Built area,17.812685488049027,30.13299261655884,1.430376506438179,0.000124949644742,"{'type': 'MultiPolygon', 'coordinates': [(((77.33250000000001, 28.41875), (77.33250000000001, 28.425), (77.34, 28.425), (77.34, 28.41875), (77.33250000000001, 28.41875)),)]}"
6,Built area,18.58065698283289,29.91195121951224,1.209335109391574,0.000126070185853,"{'type': 'MultiPolygon', 'coordinates': [(((77.33250000000001, 28.424999999999997), (77.33250000000001, 28.43125), (77.34, 28.43125), (77.34, 28.424999999999997), (77.33250000000001, 28.424999999999997)),)]}"
6,Built area,21.642930771853475,30.178254943968405,1.475638833847743,0.000126308754836,"{'type': 'MultiPolygon', 'coordinates': [(((77.325, 28.424999999999997), (77.325, 28.43125), (77.3325, 28.43125), (77.3325, 28.424999999999997), (77.325, 28.424999999999997)),)]}"
6,Built area,29.78230164619872,30.430225983076216,1.727609872955554,0.000125957283846,"{'type': 'MultiPolygon', 'coordinates': [(((77.31750000000001, 28.424999999999997), (77.31750000000001, 28.43125), (77.325, 28.43125), (77.325, 28.424999999999997), (77.31750000000001, 28.424999999999997)),)]}"
6,Built area,36.85324376982612,29.989024390243912,1.286408280123251,0.000126011018616,"{'type': 'MultiPolygon', 'coordinates': [(((77.31, 28.424999999999997), (77.31, 28.43125), (77.3175, 28.43125), (77.3175, 28.424999999999997), (77.31, 28.424999999999997)),)]}"
6,Built area,38.30488996892363,30.17323665128544,1.470620541164774,0.000128304704779,"{'type': 'MultiPolygon', 'coordinates': [(((77.31, 28.43125), (77.31, 28.4375), (77.3175, 28.4375), (77.3175, 28.43125), (77.31, 28.43125)),)]}"
6,Built area,30.923737710209217,29.80472722747643,1.102111117355768,0.000128827313763,"{'type': 'MultiPolygon', 'coordinates': [(((77.31750000000001, 28.43125), (77.31750000000001, 28.4375), (77.325, 28.4375), (77.325, 28.43125), (77.31750000000001, 28.43125)),)]}"
6,Built area,19.882181439618304,29.445793184096264,0.743177073975602,0.000129248366563,"{'type': 'MultiPolygon', 'coordinates': [(((77.325, 28.43125), (77.325, 28.4375), (77.3325, 28.4375), (77.3325, 28.43125), (77.325, 28.43125)),)]}"
6,Built area,14.698614693976737,28.93892415636488,0.236308046244218,0.000129462001244,"{'type': 'MultiPolygon', 'coordinates': [(((77.33250000000001, 28.43125), (77.33250000000001, 28.4375), (77.34, 28.4375), (77.34, 28.43125), (77.33250000000001, 28.43125)),)]}"
4,Crops,11.623683871154268,28.450499419279954,,0.000129530789202,"{'type': 'MultiPolygon', 'coordinates': [(((77.34, 28.43125), (77.34, 28.4375), (77.3475, 28.4375), (77.3475, 28.43125), (77.34, 28.43125)),)]}"
4,Crops,12.23575407044362,28.143909121283063,,0.000129534098289,"{'type': 'MultiPolygon', 'coordinates': [(((77.34750000000001, 28.43125), (77.34750000000001, 28.4375), (77.355, 28.4375), (77.355, 28.43125), (77.34750000000001, 28.43125)),)]}"
4,Crops,11.804136863618131,28.11557020435076,,0.000129575814877,"{'type': 'MultiPolygon', 'coordinates': [(((77.355, 28.43125), (77.355, 28.4375), (77.3625, 28.4375), (77.3625, 28.43125), (77.355, 28.43125)),)]}"
6,Built area,9.630908311931307,28.1220722519212,-0.580543858199466,0.000129183521449,"{'type': 'MultiPolygon', 'coordinates': [(((77.36250000000001, 28.43125), (77.36250000000001, 28.4375), (77.37, 28.4375), (77.37, 28.43125), (77.36250000000001, 28.43125)),)]}"
4,Crops,7.608864291239591,28.209750122312865,,0.000128361324931,"{'type': 'MultiPolygon', 'coordinates': [(((77.37, 28.43125), (77.37, 28.4375), (77.3775, 28.4375), (77.3775, 28.43125), (77.37, 28.43125)),)]}"
4,Crops,11.8099999339044,28.68800000000003,,0.00012556569755,"{'type': 'MultiPolygon', 'coordinates': [(((77.37, 28.424999999999997), (77.37, 28.43125), (77.3775, 28.43125), (77.3775, 28.424999999999997), (77.37, 28.424999999999997)),)]}"
6,Built area,18.641317617248845,28.839675346077808,0.137059235957153,0.000126342732994,"{'type': 'MultiPolygon', 'coordinates': [(((77.36250000000001, 28.424999999999997), (77.36250000000001, 28.43125), (77.37, 28.43125), (77.37, 28.424999999999997), (77.36250000000001, 28.424999999999997)),)]}"
6,Built area,28.46731923764312,29.00024390243908,0.297627792318419,0.00012763740903,"{'type': 'MultiPolygon', 'coordinates': [(((77.355, 28.424999999999997), (77.355, 28.43125), (77.3625, 28.43125), (77.3625, 28.424999999999997), (77.355, 28.424999999999997)),)]}"
6,Built area,17.44908595206169,29.71997033618987,1.017354226069209,0.000125759444094,"{'type': 'MultiPolygon', 'coordinates': [(((77.34, 28.424999999999997), (77.34, 28.43125), (77.3475, 28.43125), (77.3475, 28.424999999999997), (77.34, 28.424999999999997)),)]}"
6,Built area,25.224458529864467,29.532061634805547,0.829445524684886,0.000126025912091,"{'type': 'MultiPolygon', 'coordinates': [(((77.34750000000001, 28.424999999999997), (77.34750000000001, 28.43125), (77.355, 28.43125), (77.355, 28.424999999999997), (77.34750000000001, 28.424999999999997)),)]}"
6,Built area,17.56093086203948,29.958381873494325,1.255765763373663,0.000124710753331,"{'type': 'MultiPolygon', 'coordinates': [(((77.34, 28.41875), (77.34, 28.425), (77.3475, 28.425), (77.3475, 28.41875), (77.34, 28.41875)),)]}"
6,Built area,26.678311805467352,29.87787158340224,1.175255473281577,0.00012486444764,"{'type': 'MultiPolygon', 'coordinates': [(((77.34750000000001, 28.41875), (77.34750000000001, 28.425), (77.355, 28.425), (77.355, 28.41875), (77.34750000000001, 28.41875)),)]}"
6,Built area,33.53838481967296,29.407096399535472,0.704480289414811,0.000125929700822,"{'type': 'MultiPolygon', 'coordinates': [(((77.355, 28.41875), (77.355, 28.425), (77.3625, 28.425), (77.3625, 28.41875), (77.355, 28.41875)),)]}"
6,Built area,24.348265584955364,29.15370034697665,0.451084236855991,0.000124978903266,"{'type': 'MultiPolygon', 'coordinates': [(((77.36250000000001, 28.41875), (77.36250000000001, 28.425), (77.37, 28.425), (77.37, 28.41875), (77.36250000000001, 28.41875)),)]}"
6,Built area,15.443113619099208,28.90924783705844,0.206631726937779,0.000124139809259,"{'type': 'MultiPolygon', 'coordinates': [(((77.37, 28.41875), (77.37, 28.425), (77.3775, 28.425), (77.3775, 28.41875), (77.37, 28.41875)),)]}"
6,Built area,14.342254616118764,29.0625689223058,0.359952812185131,0.000123031803649,"{'type': 'MultiPolygon', 'coordinates': [(((77.37, 28.412499999999998), (77.37, 28.41875), (77.3775, 28.41875), (77.3775, 28.412499999999998), (77.37, 28.412499999999998)),)]}"
6,Built area,22.243217800185715,29.30560257787328,0.602986467752618,0.000123982040123,"{'type': 'MultiPolygon', 'coordinates': [(((77.36250000000001, 28.412499999999998), (77.36250000000001, 28.41875), (77.37, 28.41875), (77.37, 28.412499999999998), (77.36250000000001, 28.412499999999998)),)]}"
6,Built area,31.556802559221648,29.622222222222263,0.919606112101601,0.000124750794481,"{'type': 'MultiPolygon', 'coordinates': [(((77.355, 28.412499999999998), (77.355, 28.41875), (77.3625, 28.41875), (77.3625, 28.412499999999998), (77.355, 28.412499999999998)),)]}"
6,Built area,26.14859519674492,30.044248717030715,1.341632606910054,0.000124078222106,"{'type': 'MultiPolygon', 'coordinates': [(((77.34750000000001, 28.412499999999998), (77.34750000000001, 28.41875), (77.355, 28.41875), (77.355, 28.412499999999998), (77.34750000000001, 28.412499999999998)),)]}"
6,Built area,20.304814054198182,29.999501768358208,1.296885658237549,0.00012396612671,"{'type': 'MultiPolygon', 'coordinates': [(((77.34, 28.412499999999998), (77.34, 28.41875), (77.3475, 28.41875), (77.3475, 28.412499999999998), (77.34, 28.412499999999998)),)]}"
6,Built area,39.62542365085453,30.667238095238133,1.964621985117472,0.000124164713678,"{'type': 'MultiPolygon', 'coordinates': [(((77.31, 28.412499999999998), (77.31, 28.41875), (77.3175, 28.41875), (77.3175, 28.412499999999998), (77.31, 28.412499999999998)),)]}"
6,Built area,35.63934096063656,30.579004793944527,1.876388683823869,0.000123488630946,"{'type': 'MultiPolygon', 'coordinates': [(((77.31750000000001, 28.412499999999998), (77.31750000000001, 28.41875), (77.325, 28.41875), (77.325, 28.412499999999998), (77.31750000000001, 28.412499999999998)),)]}"
6,Built area,25.595034007702846,30.376871411979447,1.674255301858789,0.000124107446801,"{'type': 'MultiPolygon', 'coordinates': [(((77.325, 28.412499999999998), (77.325, 28.41875), (77.3325, 28.41875), (77.3325, 28.412499999999998), (77.325, 28.412499999999998)),)]}"
6,Built area,19.22303185591826,30.112602704496457,1.409986594375795,0.000124138289751,"{'type': 'MultiPolygon', 'coordinates': [(((77.33250000000001, 28.412499999999998), (77.33250000000001, 28.41875), (77.34, 28.41875), (77.34, 28.412499999999998), (77.33250000000001, 28.412499999999998)),)]}"
6,Built area,35.56270756858658,30.07587282229968,1.373256712179014,0.000122631405157,"{'type': 'MultiPolygon', 'coordinates': [(((77.31750000000001, 28.40625), (77.31750000000001, 28.4125), (77.325, 28.4125), (77.325, 28.40625), (77.31750000000001, 28.40625)),)]}"
6,Built area,39.38513503307838,30.68950000000001,1.986883889879348,0.000123300115695,"{'type': 'MultiPolygon', 'coordinates': [(((77.31, 28.40625), (77.31, 28.4125), (77.3175, 28.4125), (77.3175, 28.40625), (77.31, 28.40625)),)]}"
6,Built area,28.144187862699606,29.71503295978908,1.012416849668419,0.000123268539446,"{'type': 'MultiPolygon', 'coordinates': [(((77.325, 28.40625), (77.325, 28.4125), (77.3325, 28.4125), (77.3325, 28.40625), (77.325, 28.40625)),)]}"
6,Built area,22.999738561363284,29.482379696769986,0.77976358664932,0.000123460964201,"{'type': 'MultiPolygon', 'coordinates': [(((77.33250000000001, 28.40625), (77.33250000000001, 28.4125), (77.34, 28.4125), (77.34, 28.40625), (77.33250000000001, 28.40625)),)]}"
6,Built area,31.363741030564167,29.532500000000027,0.829883889879365,0.000123954625692,"{'type': 'MultiPolygon', 'coordinates': [(((77.355, 28.40625), (77.355, 28.4125), (77.3625, 28.4125), (77.3625, 28.40625), (77.355, 28.40625)),)]}"
6,Built area,28.240895487166743,29.935472083926072,1.23285597380541,0.000123493706119,"{'type': 'MultiPolygon', 'coordinates': [(((77.34750000000001, 28.40625), (77.34750000000001, 28.4125), (77.355, 28.4125), (77.355, 28.40625), (77.34750000000001, 28.40625)),)]}"
6,Built area,25.069966776950945,29.59162422371028,0.889008113589615,0.000123417491071,"{'type': 'MultiPolygon', 'coordinates': [(((77.34, 28.40625), (77.34, 28.4125), (77.3475, 28.4125), (77.3475, 28.40625), (77.34, 28.40625)),)]}"
4,Crops,12.183079579154857,29.168499999999995,,0.000121743639671,"{'type': 'MultiPolygon', 'coordinates': [(((77.37, 28.40625), (77.37, 28.4125), (77.3775, 28.4125), (77.3775, 28.40625), (77.37, 28.40625)),)]}"
6,Built area,19.36189227812999,29.18817567567567,0.485559565555008,0.000123143054439,"{'type': 'MultiPolygon', 'coordinates': [(((77.36250000000001, 28.40625), (77.36250000000001, 28.4125), (77.37, 28.4125), (77.37, 28.40625), (77.36250000000001, 28.40625)),)]}"
4,Crops,7.284281044845453,29.024972972973007,,0.000119529931271,"{'type': 'MultiPolygon', 'coordinates': [(((77.385, 28.40625), (77.385, 28.4125), (77.3925, 28.4125), (77.3925, 28.40625), (77.385, 28.40625)),)]}"
4,Crops,10.299797807535874,29.086122448979634,,0.000120493699709,"{'type': 'MultiPolygon', 'coordinates': [(((77.37750000000001, 28.40625), (77.37750000000001, 28.4125), (77.385, 28.4125), (77.385, 28.40625), (77.37750000000001, 28.40625)),)]}"
6,Built area,6.931402031634306,29.049500000000023,0.346883889879361,0.000118893166719,"{'type': 'MultiPolygon', 'coordinates': [(((77.4, 28.40625), (77.4, 28.4125), (77.4075, 28.4125), (77.4075, 28.40625), (77.4, 28.40625)),)]}"
4,Crops,7.152744733803982,29.038020408163273,,0.000118943595519,"{'type': 'MultiPolygon', 'coordinates': [(((77.39250000000001, 28.40625), (77.39250000000001, 28.4125), (77.4, 28.4125), (77.4, 28.40625), (77.39250000000001, 28.40625)),)]}"
4,Crops,5.909721820792702,28.88246115288223,,0.000120942864646,"{'type': 'MultiPolygon', 'coordinates': [(((77.4, 28.412499999999998), (77.4, 28.41875), (77.4075, 28.41875), (77.4075, 28.412499999999998), (77.4, 28.412499999999998)),)]}"
6,Built area,7.226686470387345,28.88604296455428,0.18342685443362,0.000121135901565,"{'type': 'MultiPolygon', 'coordinates': [(((77.39250000000001, 28.412499999999998), (77.39250000000001, 28.41875), (77.4, 28.41875), (77.4, 28.412499999999998), (77.39250000000001, 28.412499999999998)),)]}"
4,Crops,8.132047777450227,28.927536161833192,,0.000121288505936,"{'type': 'MultiPolygon', 'coordinates': [(((77.385, 28.412499999999998), (77.385, 28.41875), (77.3925, 28.41875), (77.3925, 28.412499999999998), (77.385, 28.412499999999998)),)]}"
6,Built area,10.409043873627173,28.965265517241416,0.262649407120755,0.000121976546149,"{'type': 'MultiPolygon', 'coordinates': [(((77.37750000000001, 28.412499999999998), (77.37750000000001, 28.41875), (77.385, 28.41875), (77.385, 28.412499999999998), (77.37750000000001, 28.412499999999998)),)]}"
6,Built area,10.295783892047746,28.828683673469417,0.126067563348755,0.00012332573233,"{'type': 'MultiPolygon', 'coordinates': [(((77.37750000000001, 28.41875), (77.37750000000001, 28.425), (77.385, 28.425), (77.385, 28.41875), (77.37750000000001, 28.41875)),)]}"
6,Built area,8.137423599088516,28.79198798277749,0.089371872656827,0.000122819014661,"{'type': 'MultiPolygon', 'coordinates': [(((77.385, 28.41875), (77.385, 28.425), (77.3925, 28.425), (77.3925, 28.41875), (77.385, 28.41875)),)]}"
4,Crops,5.757614230948252,28.73490723144861,,0.00012265020741,"{'type': 'MultiPolygon', 'coordinates': [(((77.39250000000001, 28.41875), (77.39250000000001, 28.425), (77.4, 28.425), (77.4, 28.41875), (77.39250000000001, 28.41875)),)]}"
4,Crops,4.588212502143435,28.765048335123545,,0.000122100177992,"{'type': 'MultiPolygon', 'coordinates': [(((77.4, 28.41875), (77.4, 28.425), (77.4075, 28.425), (77.4075, 28.41875), (77.4, 28.41875)),)]}"
4,Crops,5.551753738879352,28.630526315789496,,0.00012326273221,"{'type': 'MultiPolygon', 'coordinates': [(((77.4, 28.424999999999997), (77.4, 28.43125), (77.4075, 28.43125), (77.4075, 28.424999999999997), (77.4, 28.424999999999997)),)]}"
4,Crops,6.258902088210389,28.536323317451146,,0.000124367660067,"{'type': 'MultiPolygon', 'coordinates': [(((77.39250000000001, 28.424999999999997), (77.39250000000001, 28.43125), (77.4, 28.43125), (77.4, 28.424999999999997), (77.39250000000001, 28.424999999999997)),)]}"
4,Crops,6.979418210999358,28.598396396396407,,0.000124740372028,"{'type': 'MultiPolygon', 'coordinates': [(((77.385, 28.424999999999997), (77.385, 28.43125), (77.3925, 28.43125), (77.3925, 28.424999999999997), (77.385, 28.424999999999997)),)]}"
6,Built area,8.76558163596245,28.640775510204108,-0.061840599916554,0.000125058907959,"{'type': 'MultiPolygon', 'coordinates': [(((77.37750000000001, 28.424999999999997), (77.37750000000001, 28.43125), (77.385, 28.43125), (77.385, 28.424999999999997), (77.37750000000001, 28.424999999999997)),)]}"
4,Crops,5.745337747238779,28.329358625501488,,0.000128278542281,"{'type': 'MultiPolygon', 'coordinates': [(((77.37750000000001, 28.43125), (77.37750000000001, 28.4375), (77.385, 28.4375), (77.385, 28.43125), (77.37750000000001, 28.43125)),)]}"
4,Crops,4.557208187083908,28.379018967334066,,0.000128274712216,"{'type': 'MultiPolygon', 'coordinates': [(((77.385, 28.43125), (77.385, 28.4375), (77.3925, 28.4375), (77.3925, 28.43125), (77.385, 28.43125)),)]}"
4,Crops,5.270822251045097,28.332040908131177,,0.000127728889756,"{'type': 'MultiPolygon', 'coordinates': [(((77.39250000000001, 28.43125), (77.39250000000001, 28.4375), (77.4, 28.4375), (77.4, 28.43125), (77.39250000000001, 28.43125)),)]}"
4,Crops,5.401231177138639,28.320181092023223,,0.000126258659255,"{'type': 'MultiPolygon', 'coordinates': [(((77.4, 28.43125), (77.4, 28.4375), (77.4075, 28.4375), (77.4075, 28.43125), (77.4, 28.43125)),)]}"
4,Crops,4.801037076753872,29.137972626472667,,0.000118893166719,"{'type': 'MultiPolygon', 'coordinates': [(((77.4, 28.4), (77.4, 28.40625), (77.4075, 28.40625), (77.4075, 28.4), (77.4, 28.4)),)]}"
4,Crops,5.104796281694758,29.158819553462447,,0.000118943595519,"{'type': 'MultiPolygon', 'coordinates': [(((77.39250000000001, 28.4), (77.39250000000001, 28.40625), (77.4, 28.40625), (77.4, 28.4), (77.39250000000001, 28.4)),)]}"
4,Crops,10.28492391431654,29.125034246575368,,0.000120498158458,"{'type': 'MultiPolygon', 'coordinates': [(((77.37750000000001, 28.4), (77.37750000000001, 28.40625), (77.385, 28.40625), (77.385, 28.4), (77.37750000000001, 28.4)),)]}"
4,Crops,6.504161042682195,29.105773972602776,,0.000119531744074,"{'type': 'MultiPolygon', 'coordinates': [(((77.385, 28.4), (77.385, 28.40625), (77.3925, 28.40625), (77.3925, 28.4), (77.385, 28.4)),)]}"
